pes_calls,iter_steps,tot_time,saddle_energy,saddle_fmax,success,method,dimer_rot,dimer_trans,init_energy,barrier,mol_id,spin,scf,rmsd_init_saddle,nghost,min_energy,rmsd_min_sad,rmsd_min_init
79,34,348.764,-3148.033384,-39.3247,True,IDimer,cg,lbfgs,-3147.010779481928,-1.0226045180720575,000,doublets,,0.19555527896049762,0.0,-3151.705453,18.60173112941915,0.7400226710590962
157,63,593.712,-7302.154258,-11.4185,True,IDimer,cg,lbfgs,-7301.29104210642,-0.8632158935797634,000,singlets,,0.32357203050974453,0.0,-7306.953757,0.4533394814348534,0.35471675581550655
369,154,1870.224,-6264.153169,-3.4897,True,IDimer,cg,lbfgs,-6263.918841129346,-0.23432787065394223,001,doublets,,0.6948124931686093,0.0,-6265.584101,0.4789681508415103,0.1862557235951131
986,321,3525.886,-5190.149964,-0.1659,True,IDimer,cg,lbfgs,-5184.282450198528,-5.867513801472342,001,singlets,,1.4155535772049088,0.0,-5192.991172,12.365429260379896,0.9240500507765815
285,137,1634.324,-8374.542703,-47.5243,True,IDimer,cg,lbfgs,-8373.476880631419,-1.0658223685804842,002,doublets,,0.409769741289652,0.0,-8377.941905,14.953106527361065,8.919319342291422
300,138,1216.193,-11351.942914,-33.2837,True,IDimer,cg,lbfgs,-11350.577896706849,-1.3650172931502311,002,singlets,,0.3664238938768511,0.0,-11355.706292,0.37237886096990347,0.3412405832536407
260,107,1390.311,-8375.735092,-3.8375,True,IDimer,cg,lbfgs,-8369.816879607057,-5.918212392944042,003,doublets,,0.19307842731917874,0.0,-8377.62751,24.154500100344855,0.7742773602522653
464,196,1741.98,-5275.412708,-3.8169,True,IDimer,cg,lbfgs,-5274.130616130569,-1.2820918694305874,003,singlets,,0.8572482277256307,0.0,-5280.624646,13.188695775573883,1.5900326391959665
936,325,5609.868,-8427.94459,-43.9059,True,IDimer,cg,lbfgs,-8427.356466392663,-0.5881236073364562,004,doublets,,32.519017520045345,0.0,-8433.421343,1.4665598552151142,0.8250201319441974
162,72,796.68,-7299.817656,-62.3037,True,IDimer,cg,lbfgs,-7294.8702320511375,-4.947423948862706,004,singlets,,0.4141708078638477,0.0,-7305.802441,6.266307745204877,2.4309824943672544
121,40,622.047,-6232.333148,-2.1661,True,IDimer,cg,lbfgs,-6232.017919420575,-0.315228579424911,005,doublets,,0.11846715660980843,0.0,-6233.999336,0.48561033848110613,0.32978587314436936
310,142,1263.203,-5275.956745,-15.242,True,IDimer,cg,lbfgs,-5273.426856286707,-2.529888713293076,005,singlets,,0.45994457511586667,0.0,-5277.440897,1.438087198669597,0.5006308265908239
541,239,4325.554,-7199.671012,-57.5891,True,IDimer,cg,lbfgs,-7196.682391721864,-2.988620278135386,006,doublets,,3.7308625169607166,0.0,,,
140,60,547.612,-6299.948342,-26.0694,True,IDimer,cg,lbfgs,-6296.709223260205,-3.2391187397943213,006,singlets,,0.33383262781653356,0.0,-6302.717862,0.280923170251317,0.3958406136224566
1406,690,6963.188,-9431.578042,-44.2241,True,IDimer,cg,lbfgs,-9430.195606183865,-1.3824358161346026,007,doublets,,6.982811729569111,0.0,-9433.947418,2.0190436391246243,26.00552376237972
453,209,1905.705,-9443.818177,-15.9839,True,IDimer,cg,lbfgs,-9441.501135233337,-2.3170417666624417,007,singlets,,1.878309048446178,0.0,-9450.855907,11.110919061818924,34.46127192875187
578,269,2857.46,-10368.484964,-31.8458,True,IDimer,cg,lbfgs,-10368.74347452493,0.2585105249308981,008,doublets,,0.943044798517414,0.0,-10372.464038,1.0221833604793824,0.9258224163234744
269,113,1032.001,-7333.465717,-10.4574,True,IDimer,cg,lbfgs,-7331.663754421474,-1.8019625785263997,008,singlets,,0.2941520574982842,0.0,-7338.329942,0.4745124049150467,0.37952213117491607
192,89,975.302,-8462.33772,-43.0521,True,IDimer,cg,lbfgs,-8461.263286858595,-1.07443314140437,009,doublets,,0.24759330577556005,0.0,-8464.677071,1.194251136292679,1.188259374117087
276,128,1055.632,-7303.481897,-35.182,True,IDimer,cg,lbfgs,-7303.113748596006,-0.36814840399347304,009,singlets,,0.5124705610911231,0.0,-7306.633895,6.728837754936197,0.8214734786146903
315,122,1521.926,-6350.949891,-8.1876,True,IDimer,cg,lbfgs,-6349.353813651482,-1.59607734851852,010,doublets,,0.27533077753013274,0.0,-6351.340044,11.300034628890039,1.4532832700059564
537,247,1917.082,-4187.436321,-32.9387,True,IDimer,cg,lbfgs,-4181.458769047424,-5.977551952576505,010,singlets,,1.0765533222394978,0.0,-4188.818597,37.430064061975294,2.6642302226821633
252,121,1384.252,-7318.546086,-44.1226,True,IDimer,cg,lbfgs,-7317.877919927892,-0.6681660721078515,011,doublets,,0.3406666722734214,0.0,-7321.876651,0.5260018977497867,0.6801735242225403
294,130,1124.297,-7269.317558,-24.3135,True,IDimer,cg,lbfgs,-7265.661584371102,-3.6559736288973,011,singlets,,0.6151506573351074,0.0,-7272.803698,0.7381035493008474,0.6997524227030498
226,106,1093.453,-7406.048408,-44.0566,True,IDimer,cg,lbfgs,-7405.0349868030635,-1.0134211969361786,012,doublets,,0.2442582937860303,0.0,-7408.402215,0.635826998054587,2.4448397651864013
323,136,1179.373,-6213.90154,-7.4794,True,IDimer,cg,lbfgs,-6211.748501596569,-2.1530384034304006,012,singlets,,0.6803310626034783,0.0,-6218.158351,6.91811744281053,0.5358549057565763
129,60,619.873,-7405.417035,-55.5591,True,IDimer,cg,lbfgs,-7404.630859922598,-0.7861750774027314,013,doublets,,0.16481566929129665,0.0,-7408.47276,15.297224193964947,33.48001207987414
147,61,531.869,-6246.473209,-16.6102,True,IDimer,cg,lbfgs,-6242.319993466375,-4.153215533624461,013,singlets,,0.5361970688716261,0.0,-6250.432462,0.5433204623029267,0.4640334702849184
271,116,1348.796,-7375.913115,-8.4969,True,IDimer,cg,lbfgs,-7375.222186542769,-0.6909284572311662,014,doublets,,19.321298925791847,0.0,-7377.021614,0.5087461009650891,0.4635477808490577
503,237,1868.104,-6275.288719,-15.7237,True,IDimer,cg,lbfgs,-6272.14544783528,-3.1432711647203178,014,singlets,,1.1580091309608245,0.0,-6282.041948,4.6392286745228795,1.0458867034816062
243,117,1358.234,-9344.179537,-47.3285,True,IDimer,cg,lbfgs,-9343.806708812208,-0.3728281877920381,015,doublets,,0.39327032522853606,0.0,-9345.802544,0.7630722235730192,0.7993567090795548
146,65,533.893,-6247.191941,-33.6189,True,IDimer,cg,lbfgs,-6246.7867275175095,-0.40521348249058065,015,singlets,,0.385046134708888,0.0,-6250.385315,0.7067877699933215,1.2266069969987075
106,47,446.495,-5261.558994,-40.7775,True,IDimer,cg,lbfgs,-5253.091962378765,-8.467031621235037,016,doublets,,0.3313503898385215,0.0,-5264.426617,17.87002783634078,0.7484067476471813
1040,500,4140.523,-9328.204664,-40.4523,True,IDimer,cg,lbfgs,-9325.68426566287,-2.5203983371302456,016,singlets,,2.4524509793300577,0.0,-9333.292943,4.824386832560405,1.8651623081981923
532,229,2837.068,-9314.164072,-3.5615,True,IDimer,cg,lbfgs,-9307.432023764124,-6.732048235875482,017,doublets,,32.779420946097304,0.0,-9316.122548,0.4039331822840053,28.759158745701203
157,72,602.848,-7302.115033,-51.8873,True,IDimer,cg,lbfgs,-7301.589041020808,-0.5259919791924403,017,singlets,,0.16758746803275146,0.0,-7304.550941,0.608211169363481,0.46532235562642515
124,55,559.166,-6318.265996,-41.5989,True,IDimer,cg,lbfgs,-6310.541737949134,-7.7242580508664105,018,doublets,,0.25546227024967755,0.0,-6320.899134,0.4868519343016074,0.4962379662269092
623,295,2579.955,-10384.880088,-45.2237,True,IDimer,cg,lbfgs,-10383.619068867127,-1.2610191328731162,018,singlets,,1.053527381236714,0.0,-10387.562532,1.484274955701207,0.386198149374742
80,35,396.776,-5262.148064,-32.6168,True,IDimer,cg,lbfgs,-5261.747493937361,-0.4005700626394173,019,doublets,,0.13108742108614543,0.0,-5263.485062,0.7241835172542196,0.7925370716675781
507,234,2639.562,-8389.807083,-15.0026,True,IDimer,cg,lbfgs,-8388.063807665198,-1.7432753348020924,019,singlets,,35.23349120248201,0.0,-8394.668531,0.9554134310730777,0.8339668344411221
323,146,1933.134,-8342.835655,-43.0195,True,IDimer,cg,lbfgs,-8342.528659893716,-0.30699510628437565,020,doublets,,0.8772223686820207,0.0,-8346.595504,0.5957490653466235,0.6115068227033094
473,222,1905.027,-8387.619006,-16.8077,True,IDimer,cg,lbfgs,-8385.286621629957,-2.3323843700436555,020,singlets,,0.8687963722864777,0.0,-8394.620847,30.068797833745883,0.5265388463045513
339,161,1509.038,-6350.718563,-39.1529,True,IDimer,cg,lbfgs,-6348.535092700245,-2.1834702997557542,021,doublets,,0.7048629230504262,0.0,-6352.252662,0.8144780651536078,1.703670367459941
300,139,1293.661,-9443.568506,-17.7499,True,IDimer,cg,lbfgs,-9440.932531804436,-2.6359741955639038,021,singlets,,28.036654602902892,0.0,-9450.642448,0.7618361518745871,26.21653844918288
198,88,996.926,-6264.015105,-20.3234,True,IDimer,cg,lbfgs,-6263.481525188488,-0.5335798115120269,022,doublets,,0.28462248464960604,0.0,-6264.664359,16.323699971422727,1.367389686803692
348,160,1281.982,-5275.140262,-52.9208,True,IDimer,cg,lbfgs,-5272.2130140880545,-2.9272479119454147,022,singlets,,0.4990423137666234,0.0,-5281.416308,0.36642259899838003,0.3589922612431183
179,79,865.253,-6348.788608,-47.58,True,IDimer,cg,lbfgs,-6343.846561718852,-4.942046281147668,023,doublets,,0.48634124221876057,0.0,-6352.228755,29.60328410511058,3.578157461092282
309,147,1263.118,-10294.515397,-39.2418,True,IDimer,cg,lbfgs,-10292.400255698356,-2.1151413016432343,023,singlets,,0.5841391083361817,0.0,-10299.332092,1.1518021709204294,1.7916247258850606
158,74,784.885,-6262.274977,-50.742,True,IDimer,cg,lbfgs,-6261.6316841086345,-0.6432928913654905,024,doublets,,0.44224000648124534,0.0,-6265.567953,0.6099117024207025,0.7164046775639058
128,55,499.573,-7300.602319,-30.2742,True,IDimer,cg,lbfgs,-7296.530783005066,-4.071535994933583,024,singlets,,0.274410313013679,0.0,-7306.578028,0.9981189817986673,1.4834365954580113
653,319,3699.036,-8461.149223,-46.0802,True,IDimer,cg,lbfgs,-8459.960723436816,-1.1884995631844504,025,doublets,,22.297225390662344,0.0,-8464.855537,6.0790897926676415,9.845775531222792
304,123,1313.002,-9414.358712,-6.2404,True,IDimer,cg,lbfgs,-9411.517661289758,-2.8410507102416886,025,singlets,,0.4237159468165708,0.0,-9419.321521,1.2754757667185124,13.382907472100177
194,69,828.696,-4238.26783,-7.3689,True,IDimer,cg,lbfgs,-4236.4328063982275,-1.8350236017722636,026,doublets,,0.3383185764270117,0.0,-4238.600218,3.7109896862056138,8.005675758532544
700,332,2784.766,-8387.70588,-16.7761,True,IDimer,cg,lbfgs,-8384.61343692638,-3.0924430736195063,026,singlets,,21.978018078481416,0.0,-8394.654585,2.0579480077051824,32.6407819302473
263,126,1389.608,-8462.146048,-38.37,True,IDimer,cg,lbfgs,-8461.063300167765,-1.0827478322353272,027,doublets,,0.361592596377821,0.0,-8464.940969,1.5918819274350635,0.7278076873422961
600,285,2555.623,-9443.828978,-15.9868,True,IDimer,cg,lbfgs,-9441.284934044526,-2.544043955473171,027,singlets,,24.413014207255312,0.0,-9450.856014,21.025312190660213,36.77466372423059
466,226,2645.341,-10370.028468,-89.8362,True,IDimer,cg,lbfgs,-10365.226249238041,-4.802218761959011,028,doublets,,1.2664893761528506,0.0,-10372.550582,1.7696798670147964,1.857516660238114
269,125,1087.37,-7387.513504,-51.2764,True,IDimer,cg,lbfgs,-7386.169824675558,-1.3436793244418368,028,singlets,,0.31312090846285073,0.0,-7392.965904,0.9549323915910847,0.8665470163344735
395,185,2117.028,-8461.795931,-30.57,True,IDimer,cg,lbfgs,-8453.112389633288,-8.683541366712234,029,doublets,,0.9098850829888574,0.0,-8464.745591,24.836327882068137,9.379913477250412
412,193,1633.832,-9329.133358,-73.0108,True,IDimer,cg,lbfgs,-9325.741401013636,-3.3919569863628567,029,singlets,,0.588407273037789,0.0,-9331.989711,0.44903973072926884,1.0270332203529957
233,107,1037.796,-7318.343259,-46.3713,True,IDimer,cg,lbfgs,-7316.51285499639,-1.830404003610056,030,doublets,,0.3750564049453936,0.0,-7321.094335,1.1919296646885709,3.6451813498767804
1611,750,6661.567,-9446.304915,-10.6064,True,IDimer,cg,lbfgs,-9444.175832815883,-2.1290821841175784,030,singlets,,3.4168263091161273,0.0,-9451.109485,1.0416767656786525,11.805493670957851
303,138,1695.79,-6230.221371,-44.2965,True,IDimer,cg,lbfgs,-6226.555747518091,-3.6656234819083693,031,doublets,,1.3693983892310921,0.0,-6232.070669,4.78049319101704,0.6088051867964682
480,228,1941.735,-10385.506184,-29.5636,True,IDimer,cg,lbfgs,-10383.879691466946,-1.626492533054261,031,singlets,,20.601335612658374,0.0,-10389.704834,13.628797357684155,1.7688761940380446
646,315,3599.219,-9341.641809,-18.6975,True,IDimer,cg,lbfgs,-9341.05442446264,-0.5873845373607764,032,doublets,,1.2781812232652396,0.0,-9345.019252,2.1510980824836547,14.274558232399086
308,139,1200.462,-10295.091826,-25.9621,True,IDimer,cg,lbfgs,-10294.67403033597,-0.4177956640305638,032,singlets,,0.5257455344591208,0.0,-10299.332165,2.8266001135650507,14.531602548754599
0,0,0.0,,,False,IDimer,cg,lbfgs,,,033,doublets,,1.4473221101826288,0.0,-6319.842851,3.925698074860563,0.6281030316140532
2244,734,13278.395,-8354.700099,-1.0851,True,IDimer,cg,lbfgs,-8354.103287614427,-0.5968113855724368,033,singlets,,1.8851096356860446,0.0,-8362.906882,8.02654229159749,0.5926259222988771
2532,991,14289.138,-7320.323378,-3.3338,True,IDimer,cg,lbfgs,-7317.873231674738,-2.4501463252618123,034,doublets,,19.616907221528464,0.0,-7320.228671,11.737409618387042,0.9988581082751964
0,0,0.0,,,False,IDimer,cg,lbfgs,,,034,singlets,,6.121926865904783,0.0,-5161.724737,23.68979418933143,1.5123227322667925
117,54,658.335,-9342.500228,-43.4487,True,IDimer,cg,lbfgs,-9342.115910061935,-0.38431793806557835,035,doublets,,0.07836983185134595,0.0,-9344.911406,4.010768836511814,0.7122128522404074
204,93,751.568,-7217.537523,-38.6853,True,IDimer,cg,lbfgs,-7216.5993700337995,-0.938152966200505,035,singlets,,0.4081469481157827,0.0,-7220.243833,33.14876127296541,1.130818957794927
133,61,644.23,-9313.322138,-44.3512,True,IDimer,cg,lbfgs,-9312.469548010376,-0.852589989623084,036,doublets,,0.16878902205865234,0.0,-9315.677172,7.333662907147598,4.713230348693429
600,286,2599.132,-9443.734771,-17.7424,True,IDimer,cg,lbfgs,-9441.385471733583,-2.349299266415983,036,singlets,,9.467436658088575,0.0,-9450.823744,1.4754628330141515,1.1756920767468892
138,60,827.864,-8286.796856,-33.9958,True,IDimer,cg,lbfgs,-8286.572586557335,-0.2242694426659,037,doublets,,0.19770357533436816,0.0,-8289.515504,22.590249989710767,10.741962205990363
135,52,488.855,-4219.923486,-16.5592,True,IDimer,cg,lbfgs,-4218.000824059353,-1.9226619406463215,037,singlets,,0.324773154057771,0.0,-4224.06042,35.81563400509409,0.42183601451345787
327,157,1690.46,-8462.227459,-29.4299,True,IDimer,cg,lbfgs,-8459.923908229246,-2.3035507707536453,038,doublets,,0.46639565613877565,0.0,-8464.708314,3.251177169356357,2.871959976556757
541,241,2273.124,-9325.654507,-34.6947,True,IDimer,cg,lbfgs,-9322.609260421155,-3.045246578843944,038,singlets,,1.1387727719412317,0.0,-9333.292947,0.8509879464254063,0.9515309034912681
357,148,1650.962,-5262.648122,-16.7843,True,IDimer,cg,lbfgs,-5261.275652558276,-1.3724694417232968,039,doublets,,2.657153593044209,0.0,-5263.360548,2.2659296502803365,1.1420617068469838
190,70,693.84,-5276.731743,-11.387,True,IDimer,cg,lbfgs,-5272.57437694284,-4.157366057160289,039,singlets,,0.484441875359872,0.0,-5281.416305,0.4896937130406007,0.48761853527229465
127,51,734.199,-5175.037565,-55.4151,True,IDimer,cg,lbfgs,-5174.64507989459,-0.3924851054098326,040,doublets,,0.3524651495074972,0.0,-5177.729431,0.34876721524471255,0.7135739089620041
306,134,1277.619,-10386.798901,-18.4355,True,IDimer,cg,lbfgs,-10378.405843186121,-8.39305781387884,040,singlets,,1.1531078516666662,0.0,-10389.716489,7.398334280412287,0.7180184349292357
296,133,1367.813,-9312.118484,-31.8983,True,IDimer,cg,lbfgs,-9312.501515169766,0.38303116976567253,041,doublets,,0.2898394229906214,0.0,-9316.111412,2.3671578287010853,0.40618450265120615
1205,592,4985.713,-9447.525715,-30.3456,True,IDimer,cg,lbfgs,-9446.609928739772,-0.9157862602278328,041,singlets,,17.456913640761865,0.0,-9451.041333,34.914946544739266,28.97918496859978
72,31,291.757,-4203.700796,-41.2012,True,IDimer,cg,lbfgs,-4202.0839358078865,-1.6168601921135632,042,doublets,,0.22476060092293543,0.0,-4206.908826,0.7216861903964996,0.7123137678076144
357,149,1384.639,-7268.578427,-15.2585,True,IDimer,cg,lbfgs,-7265.3394546975005,-3.2389723024998602,042,singlets,,0.5754470021784517,0.0,-7274.80364,30.956180626328468,1.074243683954337
220,100,1123.106,-8285.667228,-19.2318,True,IDimer,cg,lbfgs,-8285.828074363684,0.16084636368395877,043,doublets,,0.2565079968581555,0.0,-8288.660549,2.5129059026915703,1.0819338344577967
761,367,2887.912,-7334.981232,-28.9494,True,IDimer,cg,lbfgs,-7334.136663151666,-0.8445688483343474,043,singlets,,11.45739972268336,0.0,-7338.401605,43.00128345308614,1.1483347385743572
134,62,617.231,-7318.187753,-58.8539,True,IDimer,cg,lbfgs,-7317.455807317176,-0.7319456828245166,044,doublets,,0.15488321388157122,0.0,-7320.458559,0.5068246298817237,0.5255339777238504
0,0,0.0,,,False,IDimer,cg,lbfgs,,,044,singlets,,7.729575595172775,0.0,-10389.166409,27.865393457746897,25.536002585023642
0,0,0.0,,,False,IDimer,cg,lbfgs,,,045,doublets,,37.60275484952373,0.0,,36.91231824247621,5.6192530868555215
296,132,1084.447,-5189.497384,-82.7442,True,IDimer,cg,lbfgs,-5187.196022177303,-2.30136182269689,045,singlets,,0.6520296128323883,0.0,-5192.991172,0.40847435110421443,1.6410241631541331
336,141,1564.106,-6350.860894,-7.5163,True,IDimer,cg,lbfgs,-6349.743458127506,-1.1174358724947524,046,doublets,,0.3772774088314398,0.0,-6352.15799,0.46289136490422733,0.13610195836157366
172,74,674.793,-6331.012388,-55.8187,True,IDimer,cg,lbfgs,-6329.3487363289805,-1.6636516710195792,046,singlets,,0.33618195534636963,0.0,-6337.991814,25.799780294371814,0.4503112670421466
299,140,1506.68,-8462.147308,-45.8368,True,IDimer,cg,lbfgs,-8460.568838371813,-1.5784696281862125,047,doublets,,0.33691443639703256,0.0,-8464.676835,0.33542718434917157,0.3978866441509949
347,143,1393.685,-9327.918935,-38.076,True,IDimer,cg,lbfgs,-9326.081141973284,-1.8377930267160991,047,singlets,,0.3910845809405745,0.0,-9333.292939,32.643564280677964,16.715034214362344
119,54,581.381,-5262.148063,-32.52,True,IDimer,cg,lbfgs,-5261.503255856968,-0.6448071430313576,048,doublets,,0.1879628281884383,0.0,-5263.484861,0.7776596927188364,0.9651802495366358
459,164,1888.02,-11353.410713,-8.6822,True,IDimer,cg,lbfgs,-11353.834305243021,0.42359224302163057,048,singlets,,2.748186327105421,0.0,-11355.793095,2.79775185091142,0.17903304491805602
157,72,694.909,-6263.23496,-44.8729,True,IDimer,cg,lbfgs,-6262.449815106627,-0.7851448933724896,049,doublets,,0.20519273150782122,0.0,-6265.016247,19.87386479455069,20.209688340770466
290,126,1213.566,-8445.616862,-12.567,True,IDimer,cg,lbfgs,-8443.051905278075,-2.564956721926137,049,singlets,,0.2906407087533646,0.0,-8446.310364,0.30168569100670556,0.46273577891622
897,408,5032.553,-9314.624974,-38.772,True,IDimer,cg,lbfgs,-9308.79152733285,-5.833446667149474,050,doublets,,36.597905818707865,0.0,-9315.647222,4.850607473822885,0.3576202276773457
310,143,1149.175,-5275.140266,-52.3369,True,IDimer,cg,lbfgs,-5271.984416551822,-3.155849448178742,050,singlets,,0.8836644938278303,0.0,-5281.416329,0.5218467887511142,0.5065525655735033
205,74,924.25,-4204.78114,-2.4536,True,IDimer,cg,lbfgs,-4199.989427166905,-4.791712833094607,051,doublets,,0.48169017318811214,0.0,-4206.90882,0.31835206393764937,0.3654730997607632
1160,557,4897.614,-9444.105737,-17.7734,True,IDimer,cg,lbfgs,-9440.949828288403,-3.1559087115965667,051,singlets,,38.00336205260776,0.0,-9451.025031,1.1312363847035722,3.4150054381651476
346,162,2065.584,-10398.228738,-20.8313,True,IDimer,cg,lbfgs,-10398.330766560422,0.10202856042269559,052,doublets,,0.3611118273168191,0.0,-10401.257405,7.95428114635226,40.04338786911779
623,295,2454.41,-9328.589884,-45.3377,True,IDimer,cg,lbfgs,-9327.329639910142,-1.260244089859043,052,singlets,,0.9305727542225766,0.0,-9331.272101,1.519701745129204,0.4280630628201222
335,146,1690.921,-7407.148556,-7.4081,True,IDimer,cg,lbfgs,-7406.031422318736,-1.117133681264022,053,doublets,,0.3812296745062925,0.0,-7408.447885,0.43981111007838697,0.12345112632400927
239,103,850.534,-5244.562424,-17.2231,True,IDimer,cg,lbfgs,-5243.517403973129,-1.0450200268705885,053,singlets,,0.4915567755430405,0.0,-5249.130446,0.39770725158340753,0.36216927203733096
133,58,761.489,-10371.048953,-21.701,True,IDimer,cg,lbfgs,-10370.685073643706,-0.36387935629318235,054,doublets,,0.11524603947465135,0.0,-10371.783042,5.224314490637961,3.1039033234224878
672,317,2859.088,-9445.387828,-21.4532,True,IDimer,cg,lbfgs,-9445.498738683116,0.11091068311543495,054,singlets,,1.4720486185353265,0.0,-9450.986913,5.245035355524966,18.753516437135016
645,312,2928.196,-7317.766344,-28.8971,True,IDimer,cg,lbfgs,-7317.208626826673,-0.5577171733266368,055,doublets,,1.169381869033378,0.0,-7321.238629,14.637048916142975,28.012988069221237
463,219,1962.599,-9444.140024,-16.3286,True,IDimer,cg,lbfgs,-9441.550888255837,-2.5891357441632863,055,singlets,,1.9572695125953938,0.0,-9450.911274,12.74925432458009,12.769127975763581
337,160,2022.419,-8430.172332,-43.4058,True,IDimer,cg,lbfgs,-8429.58439710398,-0.5879348960206698,056,doublets,,0.5621285910714353,0.0,-8432.526901,7.124776818419645,7.020082936793005
399,176,1496.71,-8273.802076,-37.8043,True,IDimer,cg,lbfgs,-8272.224364219866,-1.5777117801335407,056,singlets,,0.6725569019434308,0.0,-8276.587036,0.853097422460817,0.9210464467547725
1259,400,8396.449,-10370.445027,-0.1085,True,IDimer,cg,lbfgs,-10367.796715314835,-2.6483116851650266,057,doublets,,0.9200911365333712,0.0,-10372.631266,1.2124409061736432,11.187705427394821
524,237,2085.407,-8389.765105,-10.8018,True,IDimer,cg,lbfgs,-8387.594035951672,-2.171069048328718,057,singlets,,1.2522316670789917,0.0,-8394.565679,0.4829057175870169,2.1778561196761466
197,82,1046.398,-4201.911531,-46.9572,True,IDimer,cg,lbfgs,-4201.444779736668,-0.46675126333138905,058,doublets,,0.37435877647952476,0.0,-4204.553856,1.3057116984954433,2.684402365608201
421,180,1746.712,-10294.38211,-13.3317,True,IDimer,cg,lbfgs,-10292.243915310504,-2.138194689496231,058,singlets,,0.6000555709862891,0.0,-10299.32933,2.911967324692359,1.2869891404020175
141,64,760.858,-8258.172191,-30.3763,True,IDimer,cg,lbfgs,-8257.065982577822,-1.1062084221775876,059,doublets,,0.23090936077470403,0.0,-8258.877995,0.17093596231592734,0.1552722231583004
298,132,1074.786,-5189.497307,-82.7834,True,IDimer,cg,lbfgs,-5187.194387143404,-2.3029198565955085,059,singlets,,0.529945268081797,0.0,-5192.991176,0.5336056724561232,0.8397455482430762
117,50,689.862,-8254.10486,-31.1018,True,IDimer,cg,lbfgs,-8253.4865733909,-0.6182866091003234,060,doublets,,0.17561184162101431,0.0,-8256.969279,27.25067278658135,37.268234225275016
0,0,0.0,,,False,IDimer,cg,lbfgs,,,060,singlets,,12.458140035375177,0.0,-6215.415353,12.204446036365523,0.7721903737870514
470,194,2398.703,-8376.303252,-7.6501,True,IDimer,cg,lbfgs,-8374.404429436821,-1.898822563178328,061,doublets,,0.51904446595113,0.0,-8376.669657,15.945765382309771,18.027045144407538
156,66,603.534,-7299.813828,-18.4557,True,IDimer,cg,lbfgs,-7297.483641689028,-2.3301863109718397,061,singlets,,0.23172671241574347,0.0,-7306.953771,0.5645130439865726,0.5199299024937909
263,125,1263.194,-7407.058216,-36.0267,True,IDimer,cg,lbfgs,-7405.008600142882,-2.0496158571186243,062,doublets,,0.37119733419606227,0.0,-7408.259426,7.170058342474714,5.559183662854126
233,96,824.973,-4187.261395,-18.827,True,IDimer,cg,lbfgs,-4185.251464509959,-2.00993049004137,062,singlets,,0.37826246065632463,0.0,-4191.389331,1.0809154692001495,0.5181374374899813
313,107,1707.295,-7288.705697,-1.8421,True,IDimer,cg,lbfgs,-7287.209080453613,-1.4966165463874859,063,doublets,,0.47885823952391987,0.0,-7288.80428,0.7853444048442952,0.805469532661868
263,109,1002.808,-7269.633232,-12.2908,True,IDimer,cg,lbfgs,-7263.621486930284,-6.0117450697161985,063,singlets,,0.5691666594940108,0.0,-7274.803663,1.3699893271612156,0.8120520768191322
273,94,1400.756,-6232.333194,-2.2271,True,IDimer,cg,lbfgs,-6230.734031892113,-1.5991621078865137,064,doublets,,0.47666242299412576,0.0,-6232.423797,0.8799016254143107,1.0722132294304687
175,70,696.437,-6245.096258,-31.1239,True,IDimer,cg,lbfgs,-6243.210422533613,-1.8858354663861974,064,singlets,,0.27178419953275795,0.0,-6250.250609,3.9060252902523,0.6847796557662666
444,215,2147.449,-6348.492594,-53.3647,True,IDimer,cg,lbfgs,-6347.021014122553,-1.4715798774468567,065,doublets,,0.5603899970948013,0.0,-6352.102268,9.022895354864836,18.01029124936519
154,59,548.12,-4219.92349,-15.989,True,IDimer,cg,lbfgs,-4218.003511693773,-1.919978306226767,065,singlets,,0.28251018882271717,0.0,-4224.060459,0.34876355121220237,0.4384695462641017
480,231,2466.176,-7287.369801,-49.6617,True,IDimer,cg,lbfgs,-7283.736204511015,-3.6335964889849492,066,doublets,,1.249689517408211,0.0,-7289.527376,0.33019136753360534,1.110696721684444
609,232,2197.125,-4219.082355,-4.5943,True,IDimer,cg,lbfgs,-4215.362075099203,-3.720279900796413,066,singlets,,41.828840417654256,0.0,-4224.060452,16.88734379316947,0.6679217571206395
552,269,3127.342,-7373.020406,-38.2258,True,IDimer,cg,lbfgs,-7371.457358647199,-1.5630473528008224,067,doublets,,1.0324222656691364,0.0,-7376.282554,0.8711586533496369,21.44356872463573
623,293,2645.647,-9445.217922,-21.0042,True,IDimer,cg,lbfgs,-9445.356382429703,0.1384604297036276,067,singlets,,1.6444246442632806,0.0,-9450.856026,20.701221730596597,4.16841062308664
497,241,2830.09,-10398.087263,-53.3106,True,IDimer,cg,lbfgs,-10396.688558593893,-1.3987044061068445,068,doublets,,1.1776379359805376,0.0,-10401.262835,31.422330689727147,8.935051541712564
270,112,1141.547,-8444.978842,-16.5235,True,IDimer,cg,lbfgs,-8441.253460311913,-3.7253816880875092,068,singlets,,0.28813452574094967,0.0,-8450.283659,0.3664450419281124,0.8533180927548544
281,134,1610.755,-10399.682452,-39.0874,True,IDimer,cg,lbfgs,-10399.380720545107,-0.30173145489243325,069,doublets,,0.3203724363685898,0.0,-10401.285206,1.3564063653425846,2.789323812411256
481,224,1856.276,-9328.23317,-16.1845,True,IDimer,cg,lbfgs,-9327.279410284298,-0.9537597157013806,069,singlets,,3.5223906598745454,0.0,-9333.29297,26.29926965150304,2.8977807745323365
98,43,592.782,-9311.838443,-30.3792,True,IDimer,cg,lbfgs,-9311.415871670484,-0.4225713295163587,070,doublets,,0.20061050008386175,0.0,-9314.402115,14.682207173280924,14.321052432575867
374,172,1696.166,-9445.232122,-13.6229,True,IDimer,cg,lbfgs,-9444.048083090558,-1.1840389094413695,070,singlets,,3.3978210985681834,0.0,-9451.14287,11.486590107379257,22.69214121405651
1867,578,10640.841,-7288.705676,-1.8026,True,IDimer,cg,lbfgs,-7287.178127984032,-1.5275480159680228,071,doublets,,14.844074837536638,0.0,-7290.303935,14.77879380127746,0.3768047636420156
245,99,890.516,-4188.082235,-21.9305,True,IDimer,cg,lbfgs,-4186.0114329667385,-2.070802033261316,071,singlets,,0.9323868860391998,0.0,-4192.05389,1.7471622305654444,0.7887678945665314
128,60,774.062,-7286.334391,-52.12,True,IDimer,cg,lbfgs,-7285.354171979137,-0.9802190208629327,072,doublets,,0.1520642294580753,0.0,-7290.356751,1.7123867615634096,2.0500545837600606
299,141,1140.502,-7334.834431,-31.0534,True,IDimer,cg,lbfgs,-7333.880563804163,-0.9538671958371197,072,singlets,,0.3517943555136738,0.0,-7338.334223,17.92099832138522,5.645124860760874
124,57,711.972,-7286.509815,-45.9773,True,IDimer,cg,lbfgs,-7285.527325177304,-0.9824898226961523,073,doublets,,0.2191724523239043,0.0,-7290.375742,1.0111299514493066,1.026742449580341
728,346,3076.76,-9443.973064,-16.1467,True,IDimer,cg,lbfgs,-9441.07463838813,-2.898425611869243,073,singlets,,22.845077917911624,0.0,-9450.988022,2.436616179874813,6.769262988804014
242,85,1272.389,-9314.430241,-5.8326,True,IDimer,cg,lbfgs,-9312.490553183752,-1.939687816247897,074,doublets,,20.367924791713023,0.0,-9314.775541,1.302533003320499,2.348765469355835
254,113,937.216,-5276.1123,-28.2006,True,IDimer,cg,lbfgs,-5272.913555407001,-3.1987445929989917,074,singlets,,0.45343290080076715,0.0,-5280.71238,7.433532042673201,1.5226089349911116
279,103,1311.099,-7319.669072,-7.1252,True,IDimer,cg,lbfgs,-7317.8503447289295,-1.8187272710702018,075,doublets,,0.7401972416790767,0.0,-7320.074658,18.422112757657562,12.244887318442148
162,71,593.64,-8272.94936,-32.2742,True,IDimer,cg,lbfgs,-8271.48169961179,-1.4676603882107884,075,singlets,,0.23236590715786906,0.0,-8276.94529,0.9664925946610183,0.790914618447764
160,73,715.25,-6318.159125,-47.1308,True,IDimer,cg,lbfgs,-6316.89214378078,-1.266981219219815,076,doublets,,0.33938166794670205,0.0,-6320.899129,3.167795000727944,0.4334945315788478
826,397,3371.757,-7386.548399,-26.0937,True,IDimer,cg,lbfgs,-7383.34066095653,-3.207738043470272,076,singlets,,13.607435585200362,0.0,-7393.258914,32.063759249339604,1.147350305556216
409,199,2437.858,-9399.990531,-43.7462,True,IDimer,cg,lbfgs,-9399.770169691124,-0.22036130887499894,077,doublets,,0.40784789588592435,0.0,-9402.886134,8.638664506057886,0.540636589525467
292,128,1123.636,-7268.753,-16.6461,True,IDimer,cg,lbfgs,-7266.364882501636,-2.388117498363499,077,singlets,,0.5646892822656822,0.0,-7274.80367,0.6504847381047939,1.2815882884594705
200,79,1003.867,-7230.189967,-4.0823,True,IDimer,cg,lbfgs,-7226.756185515156,-3.4337814848440757,078,doublets,,0.20930825644124731,0.0,-7232.124806,0.39690034257259127,0.33347449601174717
965,461,3849.852,-9328.204644,-40.3971,True,IDimer,cg,lbfgs,-9321.992100994734,-6.212543005265616,078,singlets,,24.82582727163389,0.0,-9333.292865,4.399838027383809,0.8647608130061945
153,70,759.401,-8258.034661,-38.28,True,IDimer,cg,lbfgs,-8256.07734728383,-1.957313716169665,079,doublets,,0.26813509697466925,0.0,-8259.330104,0.830726705805144,0.6515407386527612
79,33,282.906,-6213.358932,-23.4235,True,IDimer,cg,lbfgs,-6210.9516252539115,-2.4073067460885795,079,singlets,,0.22585564047362133,0.0,-6218.158304,0.41963201485909507,0.4625771460657715
186,89,907.421,-7405.810881,-41.4606,True,IDimer,cg,lbfgs,-7404.730893773658,-1.0799872263423822,080,doublets,,0.26226711517650014,0.0,-7408.566845,1.269683635089235,1.0481967375775936
178,77,681.627,-8272.208017,-48.4439,True,IDimer,cg,lbfgs,-8270.945137363806,-1.2628796361950663,080,singlets,,0.4510210203480798,0.0,-8276.931285,9.127636912194767,1.1301699313325613
65,29,270.09,-4236.075578,-57.6766,True,IDimer,cg,lbfgs,-4235.287391162976,-0.7881868370241136,081,doublets,,0.20759854192983657,0.0,-4239.574374,17.099828713777566,1.7584655596203145
1096,517,4345.017,-8390.257329,-21.473,True,IDimer,cg,lbfgs,-8387.191309967455,-3.0660190325452277,081,singlets,,6.582788867319529,0.0,-8394.698765,4.225873031946109,10.631417330960812
205,90,1205.354,-8343.628106,-17.7481,True,IDimer,cg,lbfgs,-8341.494698652774,-2.133407347226239,082,doublets,,0.15066588753640994,0.0,-8344.216959,0.11481452281325438,0.18696758245291703
641,299,2555.814,-8389.80789,-13.1351,True,IDimer,cg,lbfgs,-8388.10137863394,-1.7065113660592033,082,singlets,,2.4654787728593917,0.0,-8394.477641,0.7367774805359605,16.127598235061708
464,203,1980.674,-4238.307234,-8.0292,True,IDimer,cg,lbfgs,-4237.2148149307,-1.092419069299467,083,doublets,,6.83902516138748,0.0,-4239.666066,11.52742176580801,7.144562303433551
138,57,543.766,-6330.846419,-17.4736,True,IDimer,cg,lbfgs,-6328.5858273028325,-2.2605916971679108,083,singlets,,0.23367469292403556,0.0,-6337.991809,0.7585055966522086,0.48250376184701554
2666,887,15321.12,-8376.440236,-0.2163,True,IDimer,cg,lbfgs,-8371.188082226543,-5.252153773457394,084,doublets,,8.348701498466562,0.0,-8376.631629,8.100872218917278,12.978987362776842
229,90,857.339,-6302.244309,-24.5075,True,IDimer,cg,lbfgs,-6300.863650793803,-1.3806582061970403,084,singlets,,0.48163116453492955,0.0,-6305.432541,0.6225433466622786,0.2832258158742075
241,101,1573.952,-9312.425127,-13.3846,True,IDimer,cg,lbfgs,-9311.068372683103,-1.3567543168974225,085,doublets,,0.5874596962404145,0.0,-9313.960895,0.6568892966928828,0.6014147440124804
213,81,769.752,-6213.645553,-7.7744,True,IDimer,cg,lbfgs,-6208.248189751265,-5.397363248735019,085,singlets,,0.868045447622848,0.0,-6216.637369,7.495056534987099,0.7520312394940517
0,0,0.0,,,False,IDimer,cg,lbfgs,,,086,doublets,,12.718042980142371,0.0,-7321.354708,26.91769477210571,29.53088337740272
946,456,4000.372,-9445.417764,-23.145,True,IDimer,cg,lbfgs,-9445.507612739808,0.08984873980807606,086,singlets,,1.3384610347394275,0.0,-9451.109584,1.499218704759065,8.344964184361867
0,0,0.0,,,False,IDimer,cg,lbfgs,,,087,doublets,,,,,,
102,38,373.258,-4186.622982,-16.5628,True,IDimer,cg,lbfgs,-4182.5690840963825,-4.053897903617326,087,singlets,,0.6543839018601676,0.0,-4191.389327,0.4967052452458439,0.6575198527309932
301,144,1751.4,-8429.954138,-46.1199,True,IDimer,cg,lbfgs,-8429.438538122777,-0.5155998772224848,088,doublets,,1.0281448657256926,0.0,-8432.57815,0.41156595415188757,0.6179437235443463
168,70,652.467,-6333.083334,-12.2345,True,IDimer,cg,lbfgs,-6332.307293722661,-0.7760402773392343,088,singlets,,0.21475207710091762,0.0,-6337.991819,0.34011379728372015,31.160778580043296
619,301,3071.312,-9432.367014,-38.0594,True,IDimer,cg,lbfgs,-9430.31750370731,-2.049510292688865,089,doublets,,22.89685413030328,0.0,-9434.030362,1.125037590660593,32.287715163216625
106,34,378.427,-5156.712314,-12.5398,True,IDimer,cg,lbfgs,-5151.210157160384,-5.502156839615964,089,singlets,,3.5663694193056554,0.0,-5160.204759,7.660159358532615,0.49028085685430994
149,70,651.858,-5206.924665,-45.3317,True,IDimer,cg,lbfgs,-5204.907386123687,-2.0172788763129574,090,doublets,,0.29373552269392134,0.0,-5209.28566,1.9097190347846897,1.0081713184083856
159,63,560.038,-4219.923491,-16.58,True,IDimer,cg,lbfgs,-4217.996810108781,-1.9266808912188935,090,singlets,,0.30169381714345284,0.0,-4224.06045,0.4121010340390104,0.4566399439019541
268,128,1357.024,-9432.532644,-37.4794,True,IDimer,cg,lbfgs,-9431.000141581766,-1.5325024182347988,091,doublets,,0.33331049648999767,0.0,-9433.927958,3.633604341276839,21.72882573344797
275,123,1066.574,-7331.153207,-17.2357,True,IDimer,cg,lbfgs,-7328.834477763901,-2.3187292360989886,091,singlets,,2.0732321811606513,0.0,-7338.276748,12.154248912460314,13.474404108568656
332,157,1469.095,-7318.628935,-45.9008,True,IDimer,cg,lbfgs,-7316.9986710399435,-1.6302639600562543,092,doublets,,0.5951559125011064,0.0,-7321.17943,1.346143185928065,1.1682495059214928
120,49,426.417,-6213.793235,-16.797,True,IDimer,cg,lbfgs,-6212.7368193609245,-1.056415639075567,092,singlets,,0.24047971704716128,0.0,-6218.158384,0.9657307488954818,0.9923801329021189
140,60,737.153,-6230.578019,-58.6315,True,IDimer,cg,lbfgs,-6230.52324430379,-0.05477469620927877,093,doublets,,0.17319657719819218,0.0,-6233.537955,0.2940492430826943,0.27916837078596696
210,95,860.842,-10384.267422,-48.8061,True,IDimer,cg,lbfgs,-10382.116981965155,-2.150440034845815,093,singlets,,0.3035156935554881,0.0,-10389.134229,1.5440544277146053,1.1144642797531636
305,146,1434.322,-8375.906393,-39.7302,True,IDimer,cg,lbfgs,-8374.491563972055,-1.4148290279445064,094,doublets,,0.33838478395151195,0.0,-8377.746281,29.02884239384545,15.50213012078529
511,242,2015.219,-9328.219957,-28.0686,True,IDimer,cg,lbfgs,-9326.985227695097,-1.2347293049024302,094,singlets,,3.3637538782938137,0.0,-9333.292965,1.5273321616607256,2.9396720309211366
394,177,1995.94,-8374.027918,-48.696,True,IDimer,cg,lbfgs,-8368.292184074637,-5.735733925363093,095,doublets,,0.5142040913067691,0.0,-8377.475109,0.3960233456731761,0.4824806109240491
537,236,2212.857,-10384.567147,-19.7106,True,IDimer,cg,lbfgs,-10382.275430321828,-2.291716678171724,095,singlets,,0.48092927988055467,0.0,-10388.909672,1.0526048756884414,0.36479524085617243
104,46,570.608,-8374.986653,-35.3582,True,IDimer,cg,lbfgs,-8374.22020393088,-0.7664490691204264,096,doublets,,0.15897568233842468,0.0,-8377.338288,0.9464956263319168,9.477509088535879
311,144,1134.44,-7216.165506,-70.192,True,IDimer,cg,lbfgs,-7212.363274255134,-3.802231744866731,096,singlets,,1.7510034655001474,0.0,-7218.896942,0.6939972162061783,1.4696876208210623
270,129,1339.261,-8373.883698,-29.4697,True,IDimer,cg,lbfgs,-8373.48211437795,-0.4015836220496567,097,doublets,,0.5173197062550727,0.0,-8377.233348,4.890395830608344,4.590585792116231
773,356,3235.274,-9446.42827,-10.7979,True,IDimer,cg,lbfgs,-9440.991186090008,-5.437083909991998,097,singlets,,17.56756718099885,0.0,-9450.987422,6.380136878276503,9.488749963963558
170,80,794.215,-7320.508014,-49.0888,True,IDimer,cg,lbfgs,-7318.105726509761,-2.4022874902393596,098,doublets,,0.3144049406556117,0.0,-7321.342962,0.6926279358181636,0.4363839955880351
581,277,2444.512,-9443.655341,-17.0779,True,IDimer,cg,lbfgs,-9441.220703636589,-2.4346373634107294,098,singlets,,35.535373554550375,0.0,-9450.642639,1.161696442703614,9.155791512698993
270,126,1546.472,-8342.898221,-45.7772,True,IDimer,cg,lbfgs,-8342.000792896788,-0.8974281032114959,099,doublets,,0.34790034728229924,0.0,-8345.195102,0.47733938046657093,0.32649669088553923
640,302,2574.743,-7386.211483,-16.7602,True,IDimer,cg,lbfgs,-7383.479314008094,-2.732168991906292,099,singlets,,15.490288355258569,0.0,-7393.25882,14.900794115758222,3.561806903200307
214,84,1459.128,-10371.084365,-34.2076,True,IDimer,cg,lbfgs,-10365.132614526588,-5.951750473412176,100,doublets,,0.24555052199199193,0.0,-10372.464085,8.713506335929182,10.846920266675456
352,143,1299.029,-7216.608131,-24.1165,True,IDimer,cg,lbfgs,-7213.391594934754,-3.216536065246146,100,singlets,,0.5544721621365731,0.0,-7219.773308,0.8685059276635019,2.0708118929590453
153,67,983.593,-8344.147351,-52.5141,True,IDimer,cg,lbfgs,-8343.567016129291,-0.5803348707086116,101,doublets,,0.21275697489404188,0.0,-8346.712237,0.7332769239641665,0.5075293370000411
273,118,999.907,-8181.861315,-25.0422,True,IDimer,cg,lbfgs,-8179.992107116057,-1.8692078839430906,101,singlets,,0.7599165926193268,0.0,-8186.425195,1.1359855394351541,0.7506272990740622
2945,950,16132.502,-8374.703934,-3.7301,True,IDimer,cg,lbfgs,-8372.999546064424,-1.7043879355751415,102,doublets,,3.2258178534000526,0.0,-8377.535909,10.836215958222034,8.59401997956561
382,178,1434.164,-5275.140267,-52.6495,True,IDimer,cg,lbfgs,-5272.131397223987,-3.0088697760129435,102,singlets,,0.4931035770425444,0.0,-5281.416306,0.38844071146269943,0.35292312699565176
202,95,1053.719,-8461.554232,-55.8593,True,IDimer,cg,lbfgs,-8460.387725517405,-1.1665064825956506,103,doublets,,0.14916094693550006,0.0,-8464.155106,0.5661064305034972,14.800633316857304
472,224,1860.384,-10296.019666,-29.9433,True,IDimer,cg,lbfgs,-10295.364479219408,-0.6551867805919755,103,singlets,,0.5686798821945893,0.0,-10299.367221,0.8200103728637849,0.5173421570229336
0,0,0.0,,,False,IDimer,cg,lbfgs,,,104,doublets,,32.040302379027366,0.0,-7321.249697,21.609533528423434,1.7440783000830067
440,204,1800.543,-8387.511105,-15.4452,True,IDimer,cg,lbfgs,-8384.761716699855,-2.7493883001443464,104,singlets,,4.426658758277225,0.0,-8394.620882,6.019234776234878,0.8712649773472597
537,244,3060.923,-7285.973629,-45.4025,True,IDimer,cg,lbfgs,-7283.411169131217,-2.562459868782753,105,doublets,,0.7818166104686028,0.0,-7287.734074,1.3606599353712687,0.9567554898148726
435,202,1951.981,-9445.114217,-13.6992,True,IDimer,cg,lbfgs,-9444.052018568937,-1.0621984310637345,105,singlets,,0.5066268766596967,0.0,-9450.856035,0.7433684298150289,1.8574172799021753
127,59,676.471,-7318.348599,-46.137,True,IDimer,cg,lbfgs,-7317.629813765657,-0.7187852343431587,106,doublets,,0.1769623787522144,0.0,-7321.876655,1.0166778155198153,2.892696161570048
445,203,1687.667,-8269.312767,-22.1551,True,IDimer,cg,lbfgs,-8266.930337176495,-2.3824298235049355,106,singlets,,22.27838224986836,0.0,-8276.594773,26.548103568731467,32.07374895261863
448,219,2077.303,-6349.016807,-48.2797,True,IDimer,cg,lbfgs,-6347.944958674188,-1.0718483258124252,107,doublets,,8.922279181984468,0.0,-6351.285776,9.925270301705812,1.7004339258032037
613,266,2434.569,-9328.334264,-10.8452,True,IDimer,cg,lbfgs,-9324.829148148408,-3.5051158515907446,107,singlets,,0.7379553175443945,0.0,-9333.292959,1.055323712020078,1.5464835575196976
206,84,921.455,-6263.027759,-8.4057,True,IDimer,cg,lbfgs,-6260.86767042212,-2.160088577879833,108,doublets,,0.33541392715621043,0.0,-6264.790728,2.5083789531797653,1.634841095873863
425,191,1594.696,-7270.445603,-24.9315,True,IDimer,cg,lbfgs,-7263.266399461477,-7.179203538523325,108,singlets,,32.978811405291154,0.0,-7271.765894,1.3180579148985263,0.6138366301749366
348,168,1949.729,-10369.622609,-31.2812,True,IDimer,cg,lbfgs,-10367.84187259522,-1.7807364047803276,109,doublets,,0.7354823811751042,0.0,-10372.145542,3.171049889932232,9.35173669009894
170,72,639.739,-6300.50757,-15.5603,True,IDimer,cg,lbfgs,-6292.10217565144,-8.40539434855964,109,singlets,,0.32701051860599256,0.0,-6305.671401,0.9949580000255444,0.7342546403113626
104,46,508.199,-6317.344334,-48.2818,True,IDimer,cg,lbfgs,-6317.295075405276,-0.04925859472405136,110,doublets,,0.18511607866361052,0.0,-6320.899139,0.719945702342467,0.7374402010885461
1088,511,4507.822,-10382.454705,-20.846,True,IDimer,cg,lbfgs,-10379.92768754214,-2.5270174578599836,110,singlets,,13.765913782142338,0.0,-10389.606149,17.35233469803187,3.1615780504107343
385,132,2357.769,-9344.124716,-0.6731,True,IDimer,cg,lbfgs,-9341.726019213722,-2.3986967862783786,111,doublets,,0.9628497060602874,0.0,-9345.789962,1.0308164259433263,0.38308116785527907
172,73,670.211,-6331.012393,-55.3252,True,IDimer,cg,lbfgs,-6329.339807355386,-1.6725856446137186,111,singlets,,0.25388194231397854,0.0,-6337.991815,10.93778155160277,30.816268344835922
182,83,1024.123,-10371.589988,-21.1855,True,IDimer,cg,lbfgs,-10371.226860178373,-0.3631278216271312,112,doublets,,0.211848157894031,0.0,-10372.47824,20.113139925959832,15.277258241757174
130,50,497.789,-6333.138044,-12.9707,True,IDimer,cg,lbfgs,-6332.519429619324,-0.618614380676263,112,singlets,,0.21507843085604872,0.0,-6337.991821,0.289970309624043,0.31694790562291375
447,209,2616.282,-9400.129678,-18.4427,True,IDimer,cg,lbfgs,-9397.321455838119,-2.8082221618806216,113,doublets,,0.5598257159690837,0.0,-9400.507323,0.5083272225576376,0.15896632086784435
381,179,1605.616,-9416.044188,-33.7963,True,IDimer,cg,lbfgs,-9415.670522089247,-0.3736659107526066,113,singlets,,0.6612525582072979,0.0,-9419.339665,2.1234318020622216,29.44922827301372
675,326,3496.444,-8374.595941,-28.0585,True,IDimer,cg,lbfgs,-8373.78378683952,-0.8121541604796221,114,doublets,,1.4553980692506965,0.0,-8377.439732,1.0236998950075915,1.2087342880636247
386,179,1641.591,-9443.698904,-16.7558,True,IDimer,cg,lbfgs,-9441.535513137658,-2.163390862342567,114,singlets,,4.773877380133584,0.0,-9450.855187,3.6337745743363263,2.963051096072431
209,99,1323.141,-9398.801144,-52.7332,True,IDimer,cg,lbfgs,-9397.98615278304,-0.8149912169592426,115,doublets,,0.21971702284456718,0.0,-9402.94018,1.4384241319304898,10.507706114827208
0,0,0.0,,,False,IDimer,cg,lbfgs,,,115,singlets,,23.368236036773894,0.0,-7306.676191,23.214959404026523,0.4560279189996441
397,191,1762.878,-7318.839029,-40.7028,True,IDimer,cg,lbfgs,-7316.68481789343,-2.1542111065700738,116,doublets,,0.8076709738104202,0.0,-7321.447151,18.678420845247828,31.077779120287733
503,223,2307.723,-10382.07617,-38.2654,True,IDimer,cg,lbfgs,-10378.031877228997,-4.044292771002802,116,singlets,,1.2677471891492782,0.0,-10389.659362,1.53061615798132,1.2716317644240211
133,54,596.099,-4205.656571,-15.0838,True,IDimer,cg,lbfgs,-4202.772100228911,-2.884470771089582,117,doublets,,0.27230733866801143,0.0,-4207.207942,2.1595606811689034,3.1733178619830684
132,59,477.112,-3162.585423,-32.2068,True,IDimer,cg,lbfgs,-3160.5127648855264,-2.0726581144735974,117,singlets,,0.37440255259982214,0.0,-3165.193817,0.7447291877307947,0.4883633349496506
926,410,6167.672,-9432.426641,-7.5521,True,IDimer,cg,lbfgs,-9430.329843831521,-2.096797168478588,118,doublets,,2.004671519423331,0.0,-9432.821105,1.6139097324290175,5.045264188410505
1166,551,4583.611,-9326.406973,-19.6101,True,IDimer,cg,lbfgs,-9323.114596335896,-3.292376664103358,118,singlets,,37.79546121417745,0.0,-9333.292884,6.137786171524482,1.0316547804532767
125,40,681.394,-7288.705811,-1.7944,True,IDimer,cg,lbfgs,-7288.362612869996,-0.34319813000365684,119,doublets,,0.4792253176785074,0.0,-7290.304318,0.6261237668447581,0.2323845317696701
0,0,0.0,,,False,IDimer,cg,lbfgs,,,119,singlets,,40.04766752698641,0.0,-5192.991172,42.81113160419427,1.1930841611391005
264,118,1314.695,-7405.24652,-48.8356,True,IDimer,cg,lbfgs,-7400.071878030342,-5.174641969657387,120,doublets,,0.42382817490196956,0.0,-7408.515925,0.2857910017245415,0.3983080256361996
184,77,663.599,-5243.678835,-22.1887,True,IDimer,cg,lbfgs,-5219.584254937107,-24.09458006289242,120,singlets,,0.41998655273922025,0.0,-5249.130436,20.708867776536035,0.6794190608357494
146,68,857.243,-7288.305466,-48.1296,True,IDimer,cg,lbfgs,-7287.798860309031,-0.5066056909690815,121,doublets,,0.10601631811785606,0.0,-7289.237322,0.7633764138335161,0.7358642870115278
141,55,515.026,-4219.923488,-16.6365,True,IDimer,cg,lbfgs,-4218.003870984996,-1.9196170150044054,121,singlets,,0.2994662955611541,0.0,-4224.060457,0.5228198955757245,26.744508855559015
203,80,903.069,-5262.791073,-9.0965,True,IDimer,cg,lbfgs,-5261.2589070265885,-1.532165973411793,122,doublets,,0.35040981802572324,0.0,-5263.484854,1.5731944489543708,0.6538051314016796
654,304,2777.204,-8442.488449,-16.2774,True,IDimer,cg,lbfgs,-8439.973931608652,-2.5145173913479084,122,singlets,,1.1852823381866264,0.0,-8449.549041,2.5999761715240393,0.8834203100530577
643,283,3237.364,-8376.360749,-7.812,True,IDimer,cg,lbfgs,-8374.523409697887,-1.8373393021120137,123,doublets,,0.5756618729899807,0.0,-8376.789477,8.552790677355373,9.52371828391393
753,346,3006.023,-8389.732263,-11.2121,True,IDimer,cg,lbfgs,-8387.742445343076,-1.9898176569240604,123,singlets,,10.3657258733157,0.0,-8394.698752,3.5476726702741033,5.597687465179948
568,272,2392.661,-6262.185708,-45.3727,True,IDimer,cg,lbfgs,-6260.564971713141,-1.620736286859028,124,doublets,,4.2035284178920005,0.0,-6264.695066,2.1415669378636006,0.7730274355075095
248,117,1017.752,-8358.405176,-51.7344,True,IDimer,cg,lbfgs,-8357.886770648836,-0.5184053511638922,124,singlets,,0.29660454887784804,0.0,-8360.839555,0.27716162823704354,0.4127612907568421
390,156,2111.03,-9432.344222,-7.6201,True,IDimer,cg,lbfgs,-9430.475890966802,-1.8683310331980465,125,doublets,,0.9111360548132649,0.0,-9432.908107,14.13821533105795,8.623937161537683
645,298,2521.201,-10295.016166,-16.1018,True,IDimer,cg,lbfgs,-10287.876132042462,-7.140033957537526,125,singlets,,0.8993110098288778,0.0,-10299.367214,0.8799048398087935,0.8659091995367978
427,195,2348.977,-7287.548472,-16.6312,True,IDimer,cg,lbfgs,-7284.624579131316,-2.923892868684561,126,doublets,,12.479943189775863,0.0,-7287.942134,0.41793784609625667,0.825123513595039
512,228,2169.342,-10384.323977,-37.8833,True,IDimer,cg,lbfgs,-10382.321647064195,-2.002329935805392,126,singlets,,21.43652563852793,0.0,-10389.658728,20.506489642873362,7.7805811810709855
241,111,975.372,-5205.728329,-46.3717,True,IDimer,cg,lbfgs,-5203.668577555284,-2.0597514447154026,127,doublets,,0.632073181857797,0.0,-5208.634962,1.3093554606458397,0.6046480982757027
218,93,748.009,-4164.973147,-21.7733,True,IDimer,cg,lbfgs,-4161.798968015219,-3.174178984781065,127,singlets,,0.48277980850266117,0.0,-4169.401504,2.262652533824762,29.87378379708956
140,53,893.212,-10368.577167,-18.4055,True,IDimer,cg,lbfgs,-10368.121886648703,-0.45528035129609634,128,doublets,,0.11071480900240568,0.0,,,
407,153,1520.812,-6214.778897,-11.3407,True,IDimer,cg,lbfgs,-6207.757291718538,-7.0216052814621435,128,singlets,,1.8807740705104043,0.0,-6218.180155,1.3685953445705044,1.2350933497856522
234,89,1010.483,-4238.268256,-7.3928,True,IDimer,cg,lbfgs,-4236.484536634106,-1.7837193658942851,129,doublets,,0.3878624133801518,0.0,-4238.60073,2.336968606192938,20.624738584418452
268,112,986.781,-5276.932265,-13.7594,True,IDimer,cg,lbfgs,-5275.520086059757,-1.4121789402433933,129,singlets,,0.45156948692356336,0.0,-5281.416301,0.4761838706474818,0.33813989625711144
105,47,649.886,-8255.330847,-46.2078,True,IDimer,cg,lbfgs,-8254.740187278432,-0.5906597215671354,130,doublets,,0.17033333726632863,0.0,,,
367,165,1346.456,-5275.140267,-52.3811,True,IDimer,cg,lbfgs,-5272.03303214519,-3.107234854809576,130,singlets,,0.557258512829048,0.0,-5281.416303,0.3369210489933935,0.3593690693827121
234,108,934.301,-4237.973177,-39.6293,True,IDimer,cg,lbfgs,-4235.594867576798,-2.378309423202154,131,doublets,,0.7079747817786899,0.0,-4239.578437,1.1588687023255293,26.320740327455855
379,171,1407.839,-5242.189864,-34.7369,True,IDimer,cg,lbfgs,-5238.690024391727,-3.4998396082728505,131,singlets,,3.1349374323358634,0.0,-5249.130436,0.8210412065185048,0.5358374113158758
222,104,1134.497,-8373.90704,-47.687,True,IDimer,cg,lbfgs,-8373.604262750428,-0.3027772495715908,132,doublets,,0.3057430931339526,0.0,-8377.49085,1.8169279761546098,28.81713623469242
396,181,1686.148,-10384.509718,-41.2739,True,IDimer,cg,lbfgs,-10378.25441175348,-6.255306246519467,132,singlets,,0.923847922312332,0.0,-10389.606144,5.033603161820916,0.8905092021423408
128,57,683.404,-9314.829479,-19.97,True,IDimer,cg,lbfgs,-9314.290433432649,-0.5390455673514225,133,doublets,,0.16546210528119124,0.0,-9315.507124,16.668128738057533,0.7870715475913219
354,158,1409.347,-8389.667311,-14.2801,True,IDimer,cg,lbfgs,-8388.733120515599,-0.9341904844004603,133,singlets,,0.7378188747826875,0.0,-8394.565776,1.8952281520394818,2.358044518851495
169,68,816.349,-3176.784229,-23.645,True,IDimer,cg,lbfgs,-3176.3349320031166,-0.44929699688327673,134,doublets,,0.6207276573033309,0.0,-3183.353618,0.8371873277276525,0.8864413042240551
332,115,1219.962,-5243.67884,-22.3118,True,IDimer,cg,lbfgs,-5244.215284628956,0.536444628956815,134,singlets,,0.9999273838813215,0.0,-5249.130446,2.227715179649349,0.5325684434690979
381,157,2022.084,-8463.440157,-7.7161,True,IDimer,cg,lbfgs,-8461.748019033892,-1.6921379661089304,135,doublets,,0.5416632043367642,0.0,-8463.86268,3.0704333941493025,1.7347486454889107
326,153,1276.202,-9330.133454,-37.3557,True,IDimer,cg,lbfgs,-9328.967201116286,-1.1662528837150603,135,singlets,,0.41752185408203474,0.0,-9332.90499,1.0733491495181464,0.6970662303120702
235,113,1232.923,-9431.136073,-44.2894,True,IDimer,cg,lbfgs,-9430.109725093562,-1.026347906437877,136,doublets,,0.30624779296653065,0.0,-9434.028564,1.8031423043287613,25.68691589539435
227,92,820.165,-6245.914321,-18.824,True,IDimer,cg,lbfgs,-6244.276628069884,-1.637692930115918,136,singlets,,0.5561169232224501,0.0,-6250.432462,0.6838273377247873,0.5206283950874385
0,0,0.0,,,False,IDimer,cg,lbfgs,,,137,doublets,,1.5097462156450587,0.0,-8432.581495,2.266647721808753,0.4515783278709375
563,228,2076.272,-4220.409211,-19.0788,True,IDimer,cg,lbfgs,-4212.249036391185,-8.160174608815396,137,singlets,,1.4686855399964693,0.0,-4224.38437,3.0655135129293454,3.405844303597238
169,78,835.79,-9432.599849,-38.1516,True,IDimer,cg,lbfgs,-9430.63724279812,-1.9626062018796802,138,doublets,,0.2498909215121804,0.0,-9434.006878,1.1235960071491449,7.68038181428691
715,331,2983.641,-9414.435196,-14.2191,True,IDimer,cg,lbfgs,-9414.949149613522,0.5139536135211529,138,singlets,,1.331168001492516,0.0,-9419.12295,1.6958365814589464,0.26696607445118065
117,52,462.605,-3180.667542,-46.3356,True,IDimer,cg,lbfgs,-3179.140822766335,-1.5267192336650623,139,doublets,,0.36592559126827473,0.0,-3183.255668,0.38410181488537887,0.4062162532534865
212,91,854.137,-7301.233384,-11.8253,True,IDimer,cg,lbfgs,-7299.8945045461705,-1.338879453829577,139,singlets,,0.2849572495649735,0.0,-7306.953779,0.7653991744745489,0.3449498184170811
272,132,1359.197,-9432.260585,-39.3341,True,IDimer,cg,lbfgs,-9430.607045418868,-1.6535395811315539,140,doublets,,0.19853571706120476,0.0,-9433.935482,1.5194287344850734,9.939222416151992
381,167,1446.532,-7270.396012,-29.6842,True,IDimer,cg,lbfgs,-7258.879658154835,-11.516353845165213,140,singlets,,0.5712987868175231,0.0,-7274.80367,28.824744551868097,0.8029610893474536
241,86,1096.088,-5294.652651,-8.0756,True,IDimer,cg,lbfgs,-5292.907705578143,-1.7449454218576648,141,doublets,,0.8124306682888601,0.0,-5295.029188,1.3804102762868313,1.3047621873521484
227,102,872.442,-10296.134146,-33.0464,True,IDimer,cg,lbfgs,-10295.39945749178,-0.7346885082206427,141,singlets,,0.3362241777428344,0.0,-10299.460311,1.2134135296303667,0.9889607612009883
131,59,605.471,-5260.245952,-46.5688,True,IDimer,cg,lbfgs,-5256.808673112659,-3.437278887341563,142,doublets,,0.47952571552372764,0.0,-5264.42665,22.910846600203833,0.9858965819257638
502,223,1937.655,-6300.982393,-13.5064,True,IDimer,cg,lbfgs,-6297.965543811842,-3.0168491881586306,142,singlets,,2.9131597865183854,0.0,-6305.671398,28.38077374798648,14.04769404732071
214,102,1126.388,-9430.509216,-52.0744,True,IDimer,cg,lbfgs,-9429.588062215938,-0.9211537840619712,143,doublets,,0.37089144547845915,0.0,-9433.913474,20.506052206614175,21.599395773408105
347,153,1940.214,-9325.230176,-37.8029,True,IDimer,cg,lbfgs,-9321.479380973138,-3.750795026860942,143,singlets,,0.6057142451311367,0.0,-9332.905039,1.2868267003396494,0.5387342839157441
723,351,3694.434,-8463.275458,-39.0317,True,IDimer,cg,lbfgs,-8461.013222045065,-2.262235954935022,144,doublets,,13.225403155803841,0.0,-8464.831804,4.136138269713434,29.728879885450734
273,116,1007.54,-6246.399252,-43.3985,True,IDimer,cg,lbfgs,-6245.793873258009,-0.6053787419914443,144,singlets,,0.521922497262325,0.0,-6250.307471,1.0122846623266073,0.5083455987068838
285,133,1612.129,-10368.353796,-68.4077,True,IDimer,cg,lbfgs,-10366.379616951986,-1.9741790480129566,145,doublets,,0.49168988172773676,0.0,-10372.114623,0.8016388932988565,0.39500768318742246
362,171,1459.199,-11350.548169,-59.4642,True,IDimer,cg,lbfgs,-11348.958839913881,-1.589329086118596,145,singlets,,0.5569616262231838,0.0,-11355.107092,0.8296396750588836,1.0757686513426765
140,59,592.925,-4206.423145,-21.5924,True,IDimer,cg,lbfgs,-4204.272175603432,-2.1509693965681436,146,doublets,,0.38807099342174295,0.0,-4206.766125,0.30951645028738256,0.4334714174481449
538,240,2038.549,-7333.852884,-11.0263,True,IDimer,cg,lbfgs,-7328.570087537642,-5.28279646235751,146,singlets,,1.2670463930112152,0.0,-7338.4016,39.93074852337967,40.75190410432408
457,214,2796.734,-9399.125273,-44.4551,True,IDimer,cg,lbfgs,-9395.051403666632,-4.073869333367838,147,doublets,,0.7826958697181797,0.0,-9400.968402,0.9629590883851818,1.3413080444005216
104,44,394.694,-7302.300543,-20.4255,True,IDimer,cg,lbfgs,-7301.437600664028,-0.8629423359725479,147,singlets,,0.27435187574987574,0.0,-7306.95378,0.3206226117867888,0.27288238509691043
598,225,3436.748,-8342.296045,-46.8414,True,IDimer,cg,lbfgs,-8340.251005761642,-2.045039238357276,148,doublets,,0.625284252400327,0.0,-8346.325671,15.149088225548697,0.4987080737671583
678,324,2658.877,-8390.172746,-20.8005,True,IDimer,cg,lbfgs,-8389.154499561364,-1.0182464386361971,148,singlets,,3.578331279178406,0.0,-8394.812246,38.893826112695066,1.8404328211926069
2999,960,19188.134,-10367.496937,-39.1142,True,IDimer,cg,lbfgs,-10363.168369275967,-4.328567724032837,149,doublets,,1.5647995377525878,0.0,-10372.466964,2.0749797427770678,27.797831920664756
647,256,2344.126,-4219.082354,-4.6164,True,IDimer,cg,lbfgs,-4215.364656563966,-3.717697436034541,149,singlets,,28.922368546254997,0.0,-4224.060458,39.56572367132545,0.7050618345063756
305,147,1742.33,-10398.702875,-35.9435,True,IDimer,cg,lbfgs,-10397.61465519448,-1.0882198055205663,150,doublets,,0.4862694002533109,0.0,-10401.218636,0.39903297048080216,0.74426723729143
617,285,2547.523,-10382.406307,-21.7623,True,IDimer,cg,lbfgs,-10379.845779889964,-2.560527110035764,150,singlets,,9.933920069114702,0.0,-10389.653287,1.3294453811171196,41.143831519574306
344,167,1634.066,-7320.50805,-51.1293,True,IDimer,cg,lbfgs,-7318.911716955059,-1.5963330449412751,151,doublets,,0.5372335277266315,0.0,-7321.342904,0.9006613881190457,14.644536670084944
438,195,1604.466,-6277.5481,-10.0994,True,IDimer,cg,lbfgs,-6272.193972465311,-5.354127534688814,151,singlets,,0.8713995527103349,0.0,-6282.027515,37.50359415553094,0.813174341037174
357,140,1868.097,-7407.188104,-6.9387,True,IDimer,cg,lbfgs,-7405.508918826949,-1.6791851730504277,152,doublets,,2.4048707667244686,0.0,-7407.673103,16.45149826864505,12.117595458858057
245,93,910.357,-8182.907571,-46.2256,True,IDimer,cg,lbfgs,-8180.420812131441,-2.486758868558354,152,singlets,,1.0117615987608093,0.0,-8184.463598,1.9649424774141573,1.9245341478858262
143,59,949.506,-6230.240676,-37.8141,True,IDimer,cg,lbfgs,-6226.27143639657,-3.969239603430651,153,doublets,,0.3687787872645061,0.0,-6233.999365,0.5697052100785079,0.8893254273445502
259,115,991.979,-7301.368537,-51.9953,True,IDimer,cg,lbfgs,-7298.2340314300045,-3.134505569995781,153,singlets,,0.3879969675145446,0.0,-7305.426161,1.4776963643053929,3.155088426294137
547,267,2827.683,-8376.8272,-51.9423,True,IDimer,cg,lbfgs,-8374.549672326555,-2.277527673444638,154,doublets,,1.4788707628357707,0.0,-8378.174095,5.765443226572257,1.6845222542878635
536,256,2292.972,-8443.851093,-45.4889,True,IDimer,cg,lbfgs,-8441.876340434086,-1.9747525659131497,154,singlets,,18.34916058291167,0.0,-8450.125164,3.53101802345582,13.889237901014148
288,136,1264.565,-7319.732224,-39.5322,True,IDimer,cg,lbfgs,-7318.132390811904,-1.5998331880964543,155,doublets,,0.46442340321607317,0.0,-7321.462345,1.0375322815095975,1.6209670721120508
149,65,578.31,-6330.846486,-17.4233,True,IDimer,cg,lbfgs,-6328.6124027146825,-2.2340832853178654,155,singlets,,0.22958064882626425,0.0,-6337.991818,0.4478693080193805,0.4677686867950867
287,126,1313.433,-7319.98136,-7.1296,True,IDimer,cg,lbfgs,-7319.378710276166,-0.6026497238335651,156,doublets,,0.3076460598855646,0.0,-7321.390585,7.0344210273401,0.42887330553538333
297,134,1138.258,-6329.981311,-17.0093,True,IDimer,cg,lbfgs,-6327.375058960876,-2.6062520391233193,156,singlets,,0.5316786244463352,0.0,-6336.968604,12.47594170848327,13.574287198882258
628,305,3257.553,-7404.854006,-51.9905,True,IDimer,cg,lbfgs,-7403.511639163222,-1.3423668367777282,157,doublets,,0.7006492570941742,0.0,-7408.515952,1.0762906616890193,6.251075647435068
560,261,2378.766,-9412.068551,-17.3041,True,IDimer,cg,lbfgs,-9409.253022119452,-2.8155288805482996,157,singlets,,8.909941875968231,0.0,-9419.122817,9.405272753344821,0.9606869705350182
353,170,1579.841,-6264.108248,-49.8815,True,IDimer,cg,lbfgs,-6262.37391818453,-1.7343298154692093,158,doublets,,0.5026666756505742,0.0,-6265.567934,0.99341626639944,0.7418525206150225
0,0,0.0,,,False,IDimer,cg,lbfgs,,,158,singlets,,10.93412458506546,0.0,-10299.460307,32.33357215486876,1.745005237300951
255,123,1376.833,-8462.061823,-36.4275,True,IDimer,cg,lbfgs,-8460.914880160575,-1.1469428394248098,159,doublets,,0.3657684749675207,0.0,-8464.771485,15.61511534192946,35.74448094159714
172,66,650.92,-7269.697131,-14.042,True,IDimer,cg,lbfgs,-7268.8978173279165,-0.7993136720833718,159,singlets,,0.2298916109842558,0.0,-7274.803636,0.33095281553032246,0.31770345570530684
376,180,2209.438,-9313.071098,-66.6449,True,IDimer,cg,lbfgs,-9312.113569004045,-0.9575289959557267,160,doublets,,0.4306559401919584,0.0,-9315.752042,0.8556804132821281,1.4310793750189803
876,405,3525.847,-11350.556257,-16.7797,True,IDimer,cg,lbfgs,-11350.198796244316,-0.35746075568386004,160,singlets,,7.439272424204073,0.0,-11355.640936,0.9113417898439581,11.171914777718902
517,216,3339.468,-8375.945447,-7.9651,True,IDimer,cg,lbfgs,-8374.164260794258,-1.781186205742415,161,doublets,,25.40773939208324,0.0,-8376.372272,10.318870574689404,7.545993724639449
230,102,909.625,-9328.575905,-48.0414,True,IDimer,cg,lbfgs,-9327.202528443417,-1.3733765565830254,161,singlets,,0.4803210282377729,0.0,-9333.292958,9.66990846819815,2.3587432928208725
1383,624,7247.13,-9432.668015,-7.3813,True,IDimer,cg,lbfgs,-9430.565867943556,-2.1021470564428455,162,doublets,,9.339670018534505,0.0,,8.214062839143102,20.362060551607506
140,57,497.362,-4187.319095,-17.4553,True,IDimer,cg,lbfgs,-4186.5499312456795,-0.7691637543202887,162,singlets,,0.23299681817495804,0.0,-4189.861352,0.710354977244512,0.5343946429267596
339,116,1757.382,-6232.319491,-2.3948,True,IDimer,cg,lbfgs,-6229.499846745573,-2.8196442544267484,163,doublets,,0.5485635463599896,0.0,-6233.204526,1.8727940665922589,0.850921174199784
178,75,664.573,-6300.507565,-15.5061,True,IDimer,cg,lbfgs,-6294.335595403707,-6.171969596292911,163,singlets,,0.3200268502489508,0.0,-6305.671386,31.67549966721107,8.229183611015058
508,245,3237.651,-9432.333198,-38.8594,True,IDimer,cg,lbfgs,-9430.61680199036,-1.716396009640448,164,doublets,,0.9683713447422485,0.0,-9433.931239,12.63773658740184,1.1113960741418571
466,220,1781.724,-7333.171786,-19.5559,True,IDimer,cg,lbfgs,-7332.152369084485,-1.0194169155147392,164,singlets,,11.77301189810753,0.0,-7338.321562,9.32671446297313,8.31282618810822
154,71,913.196,-9309.414297,-47.2302,True,IDimer,cg,lbfgs,-9308.234235524627,-1.1800614753719856,165,doublets,,0.23301685903746686,0.0,-9310.234271,0.2932918183034063,0.28040011822987726
396,153,1745.118,-11350.771172,-4.609,True,IDimer,cg,lbfgs,-11348.572969274126,-2.19820272587458,165,singlets,,0.5503632341009479,0.0,-11355.640325,9.627834986562407,6.575974047706282
456,220,2284.702,-9431.98933,-38.7135,True,IDimer,cg,lbfgs,-9430.496898939631,-1.4924310603691993,166,doublets,,15.20255736481775,0.0,-9433.75125,4.377178149102823,10.455029807986184
376,170,1442.048,-7333.48005,-14.8527,True,IDimer,cg,lbfgs,-7331.781049565104,-1.699000434896334,166,singlets,,19.625182155794967,0.0,-7338.37599,0.6534409932505829,3.048663248953978
73,32,417.975,-6230.08142,-55.5938,True,IDimer,cg,lbfgs,-6229.149078748345,-0.9323412516550889,167,doublets,,0.15564863085859312,0.0,-6233.934097,0.2515331257203125,0.3160711891510294
264,114,1114.022,-9446.151784,-12.9594,True,IDimer,cg,lbfgs,-9445.562649905278,-0.589134094721885,167,singlets,,0.7462839348100457,0.0,-9450.911264,0.8376043101711285,1.1737529827627955
377,172,1666.418,-8255.749638,-31.9205,True,IDimer,cg,lbfgs,-8256.03546593739,0.28582793739042245,168,doublets,,0.5733216814773708,0.0,-8259.705819,6.810936850622593,0.4597535904950273
92,39,345.884,-6246.025748,-19.785,True,IDimer,cg,lbfgs,-6245.43034748343,-0.5954005165704075,168,singlets,,0.1831841725037371,0.0,-6250.432462,25.354207901162976,0.5737340476761862
979,478,4727.488,-7405.858696,-46.4588,True,IDimer,cg,lbfgs,-7404.437546534553,-1.4211494654473427,169,doublets,,11.244877233083503,0.0,-7408.563872,26.139805482467356,7.365092719004922
1428,503,5347.337,-7301.556866,-47.7341,True,IDimer,cg,lbfgs,-7266.12987637305,-35.42698962694976,169,singlets,,30.719696663727373,0.0,-7306.725229,30.579902018300245,0.2975085608429908
539,234,3270.541,-8429.167976,-9.3878,True,IDimer,cg,lbfgs,-8427.029945512822,-2.1380304871781846,170,doublets,,3.3379226920712335,0.0,,1.7557052104953452,14.219059776577584
408,190,1749.166,-8388.828923,-12.9379,True,IDimer,cg,lbfgs,-8387.783437816366,-1.0454851836329908,170,singlets,,0.570258439456174,0.0,-8394.565272,0.6058399356981784,1.2262496511773
42,16,194.389,-4205.46182,-36.5874,True,IDimer,cg,lbfgs,-4205.298984418551,-0.16283558144914423,171,doublets,,0.062348872917162054,0.0,-4207.190916,0.31661560540924366,0.3090478552630798
357,163,1447.705,-7332.566871,-14.2832,True,IDimer,cg,lbfgs,-7331.390256929681,-1.1766140703193742,171,singlets,,1.0067145304932676,0.0,-7338.495808,2.677510000673254,1.2947899225768182
1266,408,6529.62,-5207.861708,-0.005,True,IDimer,cg,lbfgs,-5203.7768295570095,-4.084878442990885,172,doublets,,26.309755028097648,0.0,-5207.905834,37.93460971490774,1.0594167246042858
481,207,1737.514,-6245.78345,-9.521,True,IDimer,cg,lbfgs,-6244.778033124346,-1.0054168756541912,172,singlets,,1.0687432672486623,0.0,-6250.432461,0.4491409763355949,0.7961377822816915
205,70,974.116,-6319.450305,-6.0587,True,IDimer,cg,lbfgs,-6317.826036690816,-1.6242683091841172,173,doublets,,0.32884436127135647,0.0,-6319.808135,1.0535872896977179,0.7350908101863045
598,282,2723.216,-9445.221888,-12.9531,True,IDimer,cg,lbfgs,-9443.910933346468,-1.3109546535324625,173,singlets,,4.996585582900287,0.0,-9451.158747,6.531193227738642,12.663199596392944
102,46,409.196,-4204.144195,-45.3826,True,IDimer,cg,lbfgs,-4202.4417263395335,-1.7024686604663657,174,doublets,,0.25416756449965905,0.0,-4206.908828,8.04506948576334,0.4900271703680639
142,61,552.081,-8182.257954,-40.9205,True,IDimer,cg,lbfgs,-8179.014338052111,-3.243615947888429,174,singlets,,0.5617816590490409,0.0,-8186.425178,3.5512822858336905,2.266246698141475
326,137,1887.655,-8345.012068,-2.1676,True,IDimer,cg,lbfgs,-8344.721914931137,-0.29015306886321923,175,doublets,,0.503349615315529,0.0,-8346.595532,0.6738177817114289,0.22456259317229743
154,66,583.982,-6299.114062,-35.8759,True,IDimer,cg,lbfgs,-6297.1784532280435,-1.9356087719561401,175,singlets,,0.24827164484365047,0.0,-6305.671399,1.4953121762119388,0.6138033964034418
187,85,996.325,-7286.607754,-46.3747,True,IDimer,cg,lbfgs,-7285.718161408278,-0.889592591721339,176,doublets,,0.35397060545851733,0.0,-7288.905586,0.9451607156151165,0.26275281968979997
130,43,467.735,-5244.692476,-8.3237,True,IDimer,cg,lbfgs,-5241.437426313321,-3.2550496866788308,176,singlets,,0.30353897239485206,0.0,-5245.041267,0.3458979688951374,42.66297232931907
0,0,0.0,,,False,IDimer,cg,lbfgs,,,177,doublets,,4.379461704493928,0.0,-8378.192274,4.622156270463055,5.446397111046348
614,292,2396.543,-6330.245799,-25.8933,True,IDimer,cg,lbfgs,-6326.915990287312,-3.3298087126886458,177,singlets,,20.859932733160143,0.0,-6336.968564,24.630486540964203,0.5716163355455861
237,113,1127.93,-7407.214311,-37.0356,True,IDimer,cg,lbfgs,-7404.8415168830425,-2.372794116957266,178,doublets,,0.3394186467399918,0.0,-7408.484584,5.049227584290665,1.7304053511561441
180,80,701.249,-6331.012393,-56.4921,True,IDimer,cg,lbfgs,-6329.324439189528,-1.6879538104722087,178,singlets,,0.2538265253378501,0.0,-6337.991813,24.646875918225426,0.4760757973927028
205,94,1011.549,-8254.920574,-83.0252,True,IDimer,cg,lbfgs,-8253.354482485867,-1.566091514132495,179,doublets,,0.3568038547205692,0.0,-8259.132069,1.0726842922035669,1.0633683193505101
380,164,1380.598,-5189.497392,-82.5878,True,IDimer,cg,lbfgs,-5186.084005546415,-3.41338645358519,179,singlets,,6.424247860916286,0.0,-5192.991176,2.089578267446876,0.6084016562977835
128,56,681.092,-9315.100116,-17.5298,True,IDimer,cg,lbfgs,-9314.616076635353,-0.4840393646463781,180,doublets,,0.18923058812304513,0.0,-9315.73828,12.862343804167457,12.12251277233489
369,155,1338.252,-6245.885533,-12.2521,True,IDimer,cg,lbfgs,-6244.185894496161,-1.6996385038382869,180,singlets,,0.8161758719872847,0.0,-6250.43246,4.911304321010892,0.4501103065694737
1867,614,9803.168,-5263.337502,-0.0007,True,IDimer,cg,lbfgs,-5261.467717166783,-1.8697848332176363,181,doublets,,31.19974161969221,0.0,-5263.357425,18.805949502356007,1.1033915877025398
548,241,2154.4,-9329.290253,-24.9388,True,IDimer,cg,lbfgs,-9326.166564344732,-3.1236886552669603,181,singlets,,0.7871918060429506,0.0,-9332.463606,4.5201814901095405,3.0283499023125935
182,86,894.327,-8374.171086,-55.1985,True,IDimer,cg,lbfgs,-8373.374101239348,-0.7969847606527765,182,doublets,,0.21614714784170017,0.0,-8376.561684,0.5746012288806888,0.6025449439010703
1116,541,4616.995,-9446.544747,-20.7704,True,IDimer,cg,lbfgs,-9445.260651320692,-1.2840956793079386,182,singlets,,15.547838633252319,0.0,-9451.109538,14.42223030145024,1.066218186285455
287,137,1399.085,-5261.86175,-36.0735,True,IDimer,cg,lbfgs,-5261.251710837756,-0.6100391622439929,183,doublets,,0.7817422371712343,0.0,-5263.449529,0.8036313186429338,0.5708794700410398
777,372,3250.075,-10383.815951,-72.7817,True,IDimer,cg,lbfgs,-10379.614573054332,-4.201377945668355,183,singlets,,1.7054447983056256,0.0,-10387.761068,1.05260172781256,22.797255903078785
509,248,2443.64,-7407.362212,-36.3611,True,IDimer,cg,lbfgs,-7405.064305351146,-2.297906648854223,184,doublets,,2.414595692062195,0.0,-7408.558779,1.7251181716972241,1.1082765621584136
263,119,1018.654,-7299.591255,-18.1547,True,IDimer,cg,lbfgs,-7296.808096133245,-2.7831588667550022,184,singlets,,0.435133180207622,0.0,-7306.67538,16.609942247544357,0.7015286802055531
289,137,1611.96,-8461.181255,-47.878,True,IDimer,cg,lbfgs,-8460.953525070992,-0.22772992900718236,185,doublets,,0.3294851389985316,0.0,-8464.737814,0.3893851473093028,0.3819446695526427
188,78,694.004,-5276.792753,-13.3157,True,IDimer,cg,lbfgs,-5275.504593754657,-1.2881592453422854,185,singlets,,0.2815055760614294,0.0,-5281.416304,33.73515302435586,0.3420725701783189
326,155,1393.696,-5292.945379,-54.8116,True,IDimer,cg,lbfgs,-5290.926518934454,-2.0188600655455957,186,doublets,,17.13924568326933,0.0,-5295.811862,1.1480939969147548,14.066774154831391
220,96,840.788,-7333.504498,-14.5038,True,IDimer,cg,lbfgs,-7332.846319947209,-0.6581780527912997,186,singlets,,0.21559564928490654,0.0,-7338.329845,0.3311331370423295,14.570494313590252
66,26,300.957,-6144.011866,-41.6903,True,IDimer,cg,lbfgs,-6141.728428319584,-2.2834376804157728,187,doublets,,0.2027400173869685,0.0,-6146.536278,39.62731568070205,0.6355504679658803
195,88,791.585,-11352.836528,-30.4792,True,IDimer,cg,lbfgs,-11351.657037963807,-1.179490036192874,187,singlets,,0.21004080981641035,0.0,-11355.770284,1.7041684491095919,0.7351791479905712
311,131,1436.791,-7319.999124,-36.5244,True,IDimer,cg,lbfgs,-7312.578943098327,-7.42018090167312,188,doublets,,0.6714039502204795,0.0,-7321.238635,4.751027820462589,1.7518970930939108
247,100,1330.201,-10294.327556,-14.2492,True,IDimer,cg,lbfgs,-10292.60118420467,-1.7263717953301239,188,singlets,,0.3358165646515743,0.0,-10299.45859,0.723920604441085,0.7149481247080183
685,326,4190.654,-9429.922306,-49.2873,True,IDimer,cg,lbfgs,-9426.372572633634,-3.5497333663661266,189,doublets,,8.670539840604354,0.0,-9433.865667,29.06302463105291,1.818365047310275
127,52,453.371,-5188.421919,-13.9362,True,IDimer,cg,lbfgs,-5187.560265561167,-0.8616534388329455,189,singlets,,0.30994924282516584,0.0,-5192.991177,0.7180785219165673,0.8011996917479967
369,175,1652.139,-6349.649406,-45.4463,True,IDimer,cg,lbfgs,-6348.193353162773,-1.4560528372276167,190,doublets,,0.4692203566423187,0.0,-6352.228837,0.7962995046545015,0.4619706476926791
383,181,1444.904,-8273.101307,-19.5239,True,IDimer,cg,lbfgs,-8271.960113100771,-1.14119389922962,190,singlets,,1.3660466920519307,0.0,-8276.594765,2.6108938815045093,24.2639323296511
135,61,554.937,-5261.797848,-44.5159,True,IDimer,cg,lbfgs,-5260.055635374244,-1.7422126257561104,191,doublets,,0.3107107803190994,0.0,-5264.426658,0.4451895101410845,31.46035040456902
550,260,2329.151,-9443.741255,-17.9009,True,IDimer,cg,lbfgs,-9441.211284743242,-2.529970256759043,191,singlets,,1.2822837553129245,0.0,-9450.855995,20.376541078935176,1.522194577492971
88,39,371.627,-5261.558997,-40.9448,True,IDimer,cg,lbfgs,-5253.753379341556,-7.805617658444135,192,doublets,,0.23084202851490043,0.0,-5264.426652,0.569526315700295,0.6398016554105027
158,68,603.625,-6330.846488,-17.4758,True,IDimer,cg,lbfgs,-6328.619424022876,-2.2270639771240894,192,singlets,,0.24732614651395635,0.0,-6337.99182,30.648918177250398,0.4760166639760405
179,83,878.461,-7405.122734,-51.1715,True,IDimer,cg,lbfgs,-7404.065881112522,-1.056852887477362,193,doublets,,0.3962420721641556,0.0,-7407.296059,0.5749276525067057,0.4888841271867542
413,190,1740.494,-9446.009668,-14.0996,True,IDimer,cg,lbfgs,-9444.214651769673,-1.7950162303277466,193,singlets,,1.0851215595320418,0.0,-9450.911137,1.248278961944521,0.8377632938708736
331,160,1691.571,-8376.819247,-48.8791,True,IDimer,cg,lbfgs,-8374.85579725802,-1.9634497419792751,194,doublets,,0.43483472864242695,0.0,-8377.6302,0.5949123244550705,0.6001753646364565
111,39,391.337,-5156.693785,-9.0249,True,IDimer,cg,lbfgs,-5152.577784155855,-4.116000844145674,194,singlets,,1.0987654597844208,0.0,-5160.204756,1.939769223963745,0.4924208784517303
479,233,2364.966,-7405.92757,-30.615,True,IDimer,cg,lbfgs,-7403.978136493878,-1.9494335061217498,195,doublets,,1.696837828079847,0.0,-7408.423597,1.148529647935994,19.620158660176166
294,135,1092.933,-5274.614879,-30.4628,True,IDimer,cg,lbfgs,-5272.954708523852,-1.6601704761478686,195,singlets,,1.1048812165359683,0.0,-5281.416307,24.864534206809896,0.47019045629577627
240,113,1113.851,-7317.570685,-28.7259,True,IDimer,cg,lbfgs,-7317.171062777405,-0.3996222225950987,196,doublets,,0.4403993856895439,0.0,-7321.152898,1.5082100535900584,1.240554534316604
1099,489,4980.577,-9327.01618,-19.1835,True,IDimer,cg,lbfgs,-9323.495713611203,-3.520466388798013,196,singlets,,29.017545422800517,0.0,-9332.893057,2.17575758351445,1.6074184460038001
314,149,1821.567,-9431.769147,-10.6255,True,IDimer,cg,lbfgs,-9430.517852750507,-1.2512942494940944,197,doublets,,0.43144083769993136,0.0,-9434.495093,42.16500446499513,8.332677608982223
460,219,1803.625,-9328.742895,-24.812,True,IDimer,cg,lbfgs,-9326.163243123448,-2.5796518765509973,197,singlets,,23.57396441930934,0.0,-9332.919912,38.238593107564526,22.1262155371937
70,31,339.809,-5174.705214,-44.7342,True,IDimer,cg,lbfgs,-5174.5903051253845,-0.11490887461513921,198,doublets,,0.16069978843006133,0.0,-5177.676617,0.4253293642345895,0.4414715387753793
361,175,1425.843,-8391.174887,-29.7878,True,IDimer,cg,lbfgs,-8390.464744576515,-0.7101424234842852,198,singlets,,1.2722986454367182,0.0,-8394.698714,2.3180672615731424,41.66188886910549
309,138,1732.711,-8461.181258,-47.7779,True,IDimer,cg,lbfgs,-8456.038514214259,-5.142743785741914,199,doublets,,0.4650557922556027,0.0,-8464.737881,0.6791687126534902,0.4637772544116624
260,122,959.406,-7215.524462,-49.3115,True,IDimer,cg,lbfgs,-7210.121319505761,-5.403142494239546,199,singlets,,1.580780232466488,0.0,-7220.232576,4.5431667756312075,2.476961607997306
559,236,3028.847,-9432.651129,-8.5826,True,IDimer,cg,lbfgs,-9430.812470612847,-1.8386583871524635,200,doublets,,1.5345415290945628,0.0,-9433.170242,26.17939672431978,10.825181100705588
319,146,1285.78,-8387.467718,-15.2334,True,IDimer,cg,lbfgs,-8385.277553008591,-2.190164991408892,200,singlets,,2.7314108324709827,0.0,-8394.527691,16.70118865498833,1.8813011498499796
0,0,0.0,,,False,IDimer,cg,lbfgs,,,201,doublets,,7.863850954026819,0.0,-9433.985252,38.80586944718486,35.65603717200677
919,432,3471.282,-7333.809137,-10.2265,True,IDimer,cg,lbfgs,-7332.075231238448,-1.7339057615517959,201,singlets,,1.24154618834942,0.0,-7338.329958,1.0722911666545012,0.8785219835131749
206,96,1202.493,-9430.826939,-49.3284,True,IDimer,cg,lbfgs,-9428.901032615402,-1.9259063845984201,202,doublets,,0.27366448768743273,0.0,-9432.698887,0.4875812187350735,0.568746128425804
560,241,2098.882,-5275.792965,-7.6263,True,IDimer,cg,lbfgs,-5271.63676604434,-4.15619895565942,202,singlets,,2.2677221644473153,0.0,-5280.168126,27.978036514161975,19.170634055837926
240,115,1236.117,-9312.815695,-51.1435,True,IDimer,cg,lbfgs,-9311.420790384183,-1.3949046158159035,203,doublets,,0.40065264683846813,0.0,-9315.738281,14.60662028245672,11.674485874472724
251,112,971.799,-8271.893488,-48.1067,True,IDimer,cg,lbfgs,-8270.294099136005,-1.5993888639950455,203,singlets,,0.4268956244803184,0.0,-8276.32544,1.1768346073473475,0.9430380805290267
693,306,3659.734,-9432.557838,-7.0874,True,IDimer,cg,lbfgs,-9430.491593652841,-2.066244347159227,204,doublets,,13.903611057651206,0.0,-9432.914546,16.031485039865736,2.0766986983064624
223,104,894.143,-8357.862003,-44.749,True,IDimer,cg,lbfgs,-8356.059928687553,-1.8020743124470755,204,singlets,,0.41637996838434016,0.0,-8362.264954,0.8851289850096596,0.6386531441699485
1048,473,5642.695,-9432.665038,-7.1713,True,IDimer,cg,lbfgs,-9430.79883418471,-1.8662038152888272,205,doublets,,13.76536928262106,0.0,-9433.16801,35.26363188323219,1.5181687224449405
141,51,531.898,-7270.947774,-6.7199,True,IDimer,cg,lbfgs,-7268.436866020786,-2.5109079792146076,205,singlets,,0.4745848442082767,0.0,-7271.391062,0.5804187291498072,0.4555731460666752
703,293,3550.523,-8376.303284,-7.6062,True,IDimer,cg,lbfgs,-8374.297606907952,-2.0056770920473355,206,doublets,,1.5612011310973595,0.0,-8376.809362,27.672517090465586,39.187101153533625
179,78,696.652,-6276.309144,-13.1954,True,IDimer,cg,lbfgs,-6275.149092012672,-1.1600519873281883,206,singlets,,0.2701466520841456,0.0,-6282.263797,1.5185272530146308,1.2395109236642496
265,117,1246.734,-5206.162215,-21.915,True,IDimer,cg,lbfgs,-5198.934661956117,-7.2275530438828355,207,doublets,,8.300642873721642,0.0,-5208.583162,0.8389825985450716,1.5095224217807433
794,373,2957.327,-7333.958109,-21.5672,True,IDimer,cg,lbfgs,-7330.63403041375,-3.324078586249925,207,singlets,,40.5471733499015,0.0,-7338.401616,25.634285402186496,11.80822469488913
0,0,0.0,,,False,IDimer,cg,lbfgs,,,208,doublets,,9.873508613438347,0.0,-5263.54214,6.629703723923426,1.107724971342224
482,230,1786.63,-8273.379844,-23.3213,True,IDimer,cg,lbfgs,-8272.234729099688,-1.1451149003114551,208,singlets,,29.466592801560026,0.0,-8276.945326,30.51533578004407,3.013002328730686
349,165,1773.728,-8463.192546,-38.907,True,IDimer,cg,lbfgs,-8460.992937589957,-2.199608410042856,209,doublets,,0.3315578353504025,0.0,-8464.769151,2.094231000858695,6.365466566748076
277,124,1148.15,-9327.266191,-28.2311,True,IDimer,cg,lbfgs,-9326.177072954933,-1.0891180450671527,209,singlets,,18.129893858645797,0.0,-9333.292974,0.8625712082555765,23.00040037289697
409,199,2352.57,-8375.383675,-17.2024,True,IDimer,cg,lbfgs,-8374.217819819905,-1.1658551800937857,210,doublets,,0.9332514329368876,0.0,-8377.970011,16.338633107588926,4.53816975040023
218,95,820.59,-9239.137277,-34.5445,True,IDimer,cg,lbfgs,-9238.277116216403,-0.8601607835971663,210,singlets,,0.5192318448149521,0.0,-9242.905233,0.7196831369828991,0.4625775905544455
200,91,1119.38,-10367.787163,-76.2533,True,IDimer,cg,lbfgs,-10365.067042983967,-2.7201200160343433,211,doublets,,0.34595035782233324,0.0,-10371.749346,0.42237971831556054,0.4195666102292939
649,307,2745.795,-9443.828984,-16.9181,True,IDimer,cg,lbfgs,-9441.19687248785,-2.6321115121500043,211,singlets,,1.5623154801817156,0.0,-9450.856048,22.346744570446866,4.011335298107837
116,51,593.444,-8258.588293,-18.2485,True,IDimer,cg,lbfgs,-8257.934171733383,-0.654121266617949,212,doublets,,0.1770046682442872,0.0,-8259.142257,0.7949110270542046,0.5021177513567242
218,93,1104.187,-6245.608964,-13.8857,True,IDimer,cg,lbfgs,-6244.186013253726,-1.4229507462741822,212,singlets,,0.47034070114896204,0.0,-6250.432461,0.46208483762315095,0.4132075448267692
96,32,512.003,-6145.082549,-38.8922,True,IDimer,cg,lbfgs,-6143.5256418658755,-1.5569071341242307,213,doublets,,0.42980338338240726,0.0,,,
871,299,3471.1,-8359.053572,-0.6535,True,IDimer,cg,lbfgs,-8355.830756085425,-3.222815914576131,213,singlets,,36.25004223536797,0.0,-8362.922888,39.89014992328556,34.69954856722648
3249,875,22238.136,-6261.771656,-0.1231,True,IDimer,cg,lbfgs,-6256.460288043209,-5.311367956790491,214,doublets,,1.5291976966427516,0.0,-6265.6096,1.4334592515737679,0.9063789373169121
476,209,1900.912,-9327.613438,-23.456,True,IDimer,cg,lbfgs,-9325.41178594323,-2.201652056770399,214,singlets,,0.6180410929903142,0.0,-9332.874672,1.644039012792151,1.1507452193132837
1030,502,4969.2,-8374.154688,-28.6321,True,IDimer,cg,lbfgs,-8373.610856658253,-0.5438313417471363,215,doublets,,1.5163848514111875,0.0,-8377.575654,1.63266092229988,4.4063994489417295
177,78,704.871,-6331.012398,-56.5233,True,IDimer,cg,lbfgs,-6329.228690408489,-1.7837075915113019,215,singlets,,0.27861261710167495,0.0,-6337.991812,0.9495643452032146,24.92162128306295
368,152,1790.035,-5259.189842,-12.8629,True,IDimer,cg,lbfgs,-5257.705156832854,-1.4846851671454715,216,doublets,,0.6911116991012174,0.0,-5260.822886,16.472303899258446,0.7534543284122008
94,40,347.79,-6246.025752,-19.7629,True,IDimer,cg,lbfgs,-6245.386636945606,-0.6391150543931872,216,singlets,,0.270459730623514,0.0,-6250.43245,24.726883469625125,0.5833165877442308
275,119,1246.486,-7319.668985,-7.957,True,IDimer,cg,lbfgs,-7318.69272325844,-0.976261741559938,217,doublets,,0.2761805843659175,0.0,-7321.153047,1.147482403137857,6.6890698485732445
346,159,1707.365,-5275.140267,-52.6733,True,IDimer,cg,lbfgs,-5272.270453796567,-2.869813203432386,217,singlets,,0.531165835851154,0.0,-5281.416308,0.35427307714314005,0.3599433713033419
217,104,1290.066,-9401.024063,-56.4875,True,IDimer,cg,lbfgs,-9400.616497854895,-0.4075651451057638,218,doublets,,0.21320273017516167,0.0,-9401.845837,0.3261555146193826,0.47704359867124624
124,54,502.385,-11351.641289,-37.0272,True,IDimer,cg,lbfgs,-11349.702771794604,-1.9385172053953283,218,singlets,,0.2561591593933259,0.0,-11356.160556,0.48418013590845665,0.2630587377152727
224,105,1275.401,-8461.343366,-46.975,True,IDimer,cg,lbfgs,-8461.169779746964,-0.173586253034955,219,doublets,,0.2573425443903503,0.0,-8464.800488,0.32198248507023286,0.3400338424622091
842,351,3366.613,-9328.280982,-45.3825,True,IDimer,cg,lbfgs,-9324.933007957921,-3.3479740420789312,219,singlets,,9.615087321703891,0.0,-9332.90558,2.988900733374496,13.170754520631279
42,16,178.134,-4150.524181,-44.9136,True,IDimer,cg,lbfgs,-4149.664282499808,-0.8598985001917754,220,doublets,,0.14869791641204902,0.0,-4152.138732,0.3921236341164278,0.471365938254941
123,50,475.168,-7302.761467,-15.902,True,IDimer,cg,lbfgs,-7297.328729668137,-5.4327373318628815,220,singlets,,0.3019086854702635,0.0,-7306.953767,0.2942234731573984,0.3705450237248409
235,103,1175.42,-6348.963438,-22.7538,True,IDimer,cg,lbfgs,-6348.0642395938285,-0.8991984061713083,221,doublets,,0.46376757774811966,0.0,-6352.195489,7.459822939530548,7.712556959088414
531,251,2254.917,-9443.778229,-16.6205,True,IDimer,cg,lbfgs,-9441.311473002508,-2.4667559974914184,221,singlets,,1.156800845793192,0.0,-9450.914796,25.681477445113753,1.2655980288329913
201,94,1051.517,-9343.707318,-36.7192,True,IDimer,cg,lbfgs,-9342.01554274617,-1.691775253830201,222,doublets,,0.15025538987947287,0.0,-9344.892427,0.36512401549843077,0.3789543472265479
154,61,540.764,-4219.923493,-16.5662,True,IDimer,cg,lbfgs,-4218.002706490439,-1.920786509561367,222,singlets,,0.31217403939678057,0.0,-4224.060455,0.42171852947965277,0.44189115215113095
216,77,1036.171,-6350.949968,-7.3833,True,IDimer,cg,lbfgs,-6349.220362760997,-1.7296052390029217,223,doublets,,1.1798274662433683,0.0,-6351.343612,3.981264902408912,3.139574040094685
279,123,1085.455,-9330.502132,-37.1065,True,IDimer,cg,lbfgs,-9329.17236820586,-1.3297637941395806,223,singlets,,0.32980938045512986,0.0,-9333.304056,0.9607967330600107,0.7223216094537372
195,92,957.797,-6348.788624,-47.8018,True,IDimer,cg,lbfgs,-6348.622685894928,-0.16593810507220041,224,doublets,,0.23444827775187937,0.0,-6352.228817,4.069123510994233,13.35872800355881
554,256,2107.806,-7301.813836,-13.3551,True,IDimer,cg,lbfgs,-7302.388491071758,0.5746550717576611,224,singlets,,0.9266240411770742,0.0,-7306.539464,4.00337518810782,0.3155437908125454
319,155,1753.203,-8461.28827,-37.2375,True,IDimer,cg,lbfgs,-8460.453625271683,-0.8346447283165617,225,doublets,,0.47293166792227476,0.0,-8463.744308,0.5515406394041259,38.78893649488171
2467,821,9327.993,-7269.694483,-0.9605,True,IDimer,cg,lbfgs,-7260.888395744713,-8.806087255286911,225,singlets,,33.49429595036374,0.0,-7274.803658,4.862943614719755,0.7101046174685229
147,68,677.478,-5261.473562,-43.3651,True,IDimer,cg,lbfgs,-5260.781029704171,-0.692532295829551,226,doublets,,0.20919674613777475,0.0,-5264.42996,1.399147675134025,8.640249555335565
313,147,1303.666,-7387.849204,-31.091,True,IDimer,cg,lbfgs,-7385.696056855869,-2.1531471441312533,226,singlets,,0.398070109642011,0.0,-7393.292306,2.657583843025761,1.1533398680938696
332,142,1682.073,-8376.10234,-37.0869,True,IDimer,cg,lbfgs,-8368.761281785779,-7.3410582142205385,227,doublets,,33.87826482169647,0.0,-8377.575545,13.875655715070222,1.307349792335842
345,127,1245.433,-4187.2614,-18.881,True,IDimer,cg,lbfgs,-4185.109797531812,-2.1516024681886847,227,singlets,,0.3322189675580409,0.0,-4191.389322,22.452398915541526,0.36882419324588894
402,195,1805.338,-6349.768083,-43.0141,True,IDimer,cg,lbfgs,-6346.455165237579,-3.3129177624205113,228,doublets,,8.303526627426596,0.0,-6352.163595,7.575401135887853,2.021395033730088
450,196,1638.385,-5243.585052,-1.942,True,IDimer,cg,lbfgs,-5238.956403138428,-4.628648861572401,228,singlets,,0.7599568531957449,0.0,-5249.130443,18.824653739848063,36.44861291447152
315,149,1742.669,-9312.369394,-43.9587,True,IDimer,cg,lbfgs,-9312.207344372675,-0.16204962732444983,229,doublets,,0.49086076324661143,0.0,-9316.122358,0.8345913665913717,32.390420415598335
179,71,645.936,-7217.5371,-38.661,True,IDimer,cg,lbfgs,-7215.748840971194,-1.7882590288054416,229,singlets,,0.5658383309333136,0.0,-7220.243836,24.61849592300649,0.5654071551551031
365,167,2404.748,-9309.59439,-18.3019,True,IDimer,cg,lbfgs,-9307.535244262584,-2.059145737415747,230,doublets,,0.6876599160807911,0.0,,,
185,82,715.914,-7299.856622,-16.9419,True,IDimer,cg,lbfgs,-7297.427791292484,-2.4288307075166813,230,singlets,,0.3302463918365104,0.0,-7306.953779,1.2618834522907298,0.5334848626185786
341,166,1626.347,-7407.365296,-36.2758,True,IDimer,cg,lbfgs,-7405.889098353674,-1.4761976463259998,231,doublets,,0.7163121639319252,0.0,-7408.510849,21.184120498403274,9.786084465823508
994,480,4261.938,-8442.836506,-26.0314,True,IDimer,cg,lbfgs,-8439.570995681248,-3.2655103187516943,231,singlets,,25.86024610697673,0.0,-8449.54892,12.53697284325426,1.0185423254616444
231,108,1263.779,-9430.468288,-46.1897,True,IDimer,cg,lbfgs,-9429.880929600919,-0.587358399081495,232,doublets,,31.88252932007508,0.0,-9433.971307,3.4886048861656485,5.2589541330598335
447,213,1824.552,-10386.911755,-37.5008,True,IDimer,cg,lbfgs,-10385.852954829623,-1.0588001703763439,232,singlets,,4.823112590953338,0.0,-10389.671433,11.704844049923052,1.1605971455925923
439,210,1862.911,-6262.180884,-45.4893,True,IDimer,cg,lbfgs,-6260.037647133044,-2.143236866956613,233,doublets,,1.0056841409091155,0.0,-6265.066235,1.5353827813979002,0.3976113417730419
142,64,518.84,-6245.075335,-47.3969,True,IDimer,cg,lbfgs,-6243.414421022132,-1.660913977868404,233,singlets,,0.5787756975372236,0.0,-6250.432461,0.3455628152001137,0.38060409027357506
269,116,1165.019,-6263.5893,-6.3382,True,IDimer,cg,lbfgs,-6262.569480249352,-1.0198197506479119,234,doublets,,0.3821298061608318,0.0,-6264.920572,0.6221951593840711,0.31395772464445937
498,229,2008.935,-7386.20265,-17.122,True,IDimer,cg,lbfgs,-7384.048856657056,-2.153793342944482,234,singlets,,14.82417078838746,0.0,-7393.258905,14.391115309362092,0.506465008983289
397,185,1529.244,-6329.981325,-16.9357,True,IDimer,cg,lbfgs,-6327.87669784765,-2.1046271523500764,235,singlets,,23.367293365982363,0.0,-6336.968611,15.17052943135717,7.314440013740392
338,155,1416.042,-10385.010295,-47.0247,True,IDimer,cg,lbfgs,-10383.549713418772,-1.4605815812283254,236,singlets,,1.0187334562714758,0.0,-10389.653301,10.58233679760215,7.50495085769544
467,213,1937.962,-9446.093349,-14.192,True,IDimer,cg,lbfgs,-9445.053096239146,-1.0402527608548553,237,singlets,,0.8381906386550992,0.0,-9450.987794,20.653122235786654,7.8513750633908455
474,215,1934.661,-11349.258666,-10.4383,True,IDimer,cg,lbfgs,-11346.652340447756,-2.606325552244016,238,singlets,,0.8831626541660748,0.0,-11355.641155,17.973229075064353,2.7243422932805452
429,194,2240.625,-6298.527832,-17.8154,True,IDimer,cg,lbfgs,-6296.419827167876,-2.1080048321236973,239,singlets,,0.6480211571825285,0.0,-6305.671403,0.5185878298914494,0.46370320626880057
107,40,381.766,-4187.261398,-18.9181,True,IDimer,cg,lbfgs,-4180.622038260157,-6.639359739842803,240,singlets,,1.0100833618727274,0.0,-4188.818594,1.1730435689302918,2.58079132190068
251,108,890.543,-6160.136884,-25.4968,True,IDimer,cg,lbfgs,-6156.673488732256,-3.4633952677431807,241,singlets,,1.2767066601178536,0.0,-6163.76739,4.6610232277044865,1.0231614191300606
249,99,877.942,-3162.89222,-26.7515,True,IDimer,cg,lbfgs,-3160.928117622285,-1.964102377715335,242,singlets,,0.9739337183459527,0.0,-3168.058666,4.7442174576604135,8.243344576626127
924,427,3641.733,-8389.900232,-9.8044,True,IDimer,cg,lbfgs,-8387.783096242503,-2.117135757496726,243,singlets,,1.7714568616193607,0.0,-8394.698757,0.3870716229498847,1.4506723952479668
510,230,2034.944,-7390.000899,-36.4248,True,IDimer,cg,lbfgs,-7386.59447343442,-3.4064255655794113,244,singlets,,8.773952311135139,0.0,-7393.321437,31.40406452084087,21.20989623250349
159,63,595.808,-7302.068244,-12.1765,True,IDimer,cg,lbfgs,-7301.156872843752,-0.9113711562476965,245,singlets,,0.7368356294366988,0.0,-7306.953759,0.3537008795670892,0.3544130206684841
154,65,608.345,-6330.846486,-18.4077,True,IDimer,cg,lbfgs,-6328.586527911123,-2.2599580888772834,246,singlets,,0.22629660416130765,0.0,-6337.991813,0.6955887958802012,0.4584074488530474
558,263,2146.038,-7331.152646,-20.9667,True,IDimer,cg,lbfgs,-7328.986477008943,-2.166168991056111,247,singlets,,13.089772727523446,0.0,-7338.276366,2.5638520159736893,43.606759371586904
765,336,3188.213,-10384.478914,-4.2915,True,IDimer,cg,lbfgs,-10381.822876588725,-2.6560374112741556,248,singlets,,4.322803206106039,0.0,-10389.206131,4.437620718350348,0.92978951070098
1162,560,6285.119,-10382.482484,-19.1246,True,IDimer,cg,lbfgs,-10379.613993173874,-2.868490826125708,249,singlets,,1.165759229286219,0.0,-10389.59108,0.8012025478145374,1.925661123969084
692,323,2790.141,-7386.240586,-17.125,True,IDimer,cg,lbfgs,-7384.295435169522,-1.9451508304782692,250,singlets,,5.901079840669609,0.0,-7393.258877,1.5752179132901791,5.109372561759723
164,67,628.346,-6333.083323,-12.2875,True,IDimer,cg,lbfgs,-6332.305455558487,-0.7778674415130808,251,singlets,,0.22262117069729875,0.0,-6337.991811,30.411021584131973,0.31707163727879645
717,338,2976.64,-10384.755774,-24.6936,True,IDimer,cg,lbfgs,-10382.783082260492,-1.9726917395073542,252,singlets,,10.824692042835386,0.0,-10389.653304,1.4566873201448496,15.977383730265018
172,71,621.736,-5276.792756,-12.5279,True,IDimer,cg,lbfgs,-5275.523337080727,-1.269418919272539,253,singlets,,0.3178504231648281,0.0,-5281.416299,33.93513416308658,0.3332061672999791
441,207,2440.121,-8444.564589,-29.5303,True,IDimer,cg,lbfgs,-8441.761622098424,-2.802966901575928,254,singlets,,1.065302739188643,0.0,-8449.583318,0.8092019984251839,1.7478276239165673
418,189,1618.011,-7302.082875,-45.1186,True,IDimer,cg,lbfgs,-7301.944979601522,-0.13789539847766719,255,singlets,,0.8977391256996786,0.0,-7306.578,20.946862740726914,0.787004573599785
694,230,2905.615,-6331.168941,-1.2693,True,IDimer,cg,lbfgs,-6330.469882651803,-0.6990583481965587,256,singlets,,15.255261292611316,0.0,-6336.925554,4.07253983603265,0.9974033190936384
130,53,512.448,-6330.846394,-18.325,True,IDimer,cg,lbfgs,-6328.621295270109,-2.225098729891215,257,singlets,,0.22695277788004878,0.0,-6337.99182,0.5944657695981018,0.48007416218397414
739,350,2860.101,-7331.268088,-17.6491,True,IDimer,cg,lbfgs,-7328.24672619521,-3.0213618047901036,258,singlets,,40.00800457303083,0.0,-7338.188032,1.4270465605056377,25.227517096486352
298,129,1137.67,-6298.636888,-17.3219,True,IDimer,cg,lbfgs,-6296.647518321766,-1.9893696782337429,259,singlets,,0.5817861036976343,0.0,-6305.671403,1.0345473396733667,0.6684604357760747
435,197,1679.551,-6276.257562,-13.5988,True,IDimer,cg,lbfgs,-6274.8176907855795,-1.4398712144202364,260,singlets,,7.170497622642013,0.0,-6282.213929,0.8286113472460623,1.2754829906187126
1049,500,4380.858,-9446.393689,-10.7977,True,IDimer,cg,lbfgs,-9444.825391680819,-1.5682973191815108,261,singlets,,32.520157707998756,0.0,-9450.911114,0.7359006653485645,7.605030586937426
1469,496,5681.571,-9332.384943,-0.5051,True,IDimer,cg,lbfgs,-9328.61136698906,-3.7735760109389958,262,singlets,,20.724312739357412,0.0,-9332.90505,45.48346544180398,0.6290555855010769
0,0,0.0,,,False,IDimer,cg,lbfgs,,,263,singlets,,,,,,
303,140,1113.668,-6276.87423,-16.807,True,IDimer,cg,lbfgs,-6275.812161462553,-1.0620685374469758,264,singlets,,0.5339991266683436,0.0,-6282.088301,2.6253135313178007,1.058289332358075
